[{"model": "admin.logentry", "pk": 1, "fields": {"action_time": "2021-04-21T09:53:40.227", "user": 1, "content_type": 7, "object_id": "1", "object_repr": "Kettle 2000 w 4 min", "action_flag": 1, "change_message": "[{\"added\": {}}]"}}, {"model": "admin.logentry", "pk": 2, "fields": {"action_time": "2021-04-21T09:54:03.447", "user": 1, "content_type": 7, "object_id": "2", "object_repr": "LED Light 10 w 1 min", "action_flag": 1, "change_message": "[{\"added\": {}}]"}}, {"model": "admin.logentry", "pk": 3, "fields": {"action_time": "2021-04-21T10:01:27.173", "user": 1, "content_type": 7, "object_id": "1", "object_repr": "Kettle 2400.00 w 4 min", "action_flag": 2, "change_message": "[{\"changed\": {\"fields\": [\"Watts\"]}}]"}}, {"model": "admin.logentry", "pk": 4, "fields": {"action_time": "2021-04-21T10:01:57.188", "user": 1, "content_type": 7, "object_id": "1", "object_repr": "LED Light 10 w 30 min", "action_flag": 2, "change_message": "[{\"changed\": {\"fields\": [\"Name\", \"Watts\", \"TypicalDuration\"]}}]"}}, {"model": "admin.logentry", "pk": 5, "fields": {"action_time": "2021-04-21T10:02:12.181", "user": 1, "content_type": 7, "object_id": "2", "object_repr": "Kettle 2400 w 4 min", "action_flag": 2, "change_message": "[{\"changed\": {\"fields\": [\"Name\", \"Watts\", \"TypicalDuration\"]}}]"}}, {"model": "admin.logentry", "pk": 6, "fields": {"action_time": "2021-05-03T12:33:08.308", "user": 1, "content_type": 9, "object_id": "1", "object_repr": "Cost object (1)", "action_flag": 1, "change_message": "[{\"added\": {}}]"}}, {"model": "admin.logentry", "pk": 7, "fields": {"action_time": "2021-05-03T12:53:18.639", "user": 1, "content_type": 9, "object_id": "2", "object_repr": "Cost object (2)", "action_flag": 1, "change_message": "[{\"added\": {}}]"}}, {"model": "admin.logentry", "pk": 8, "fields": {"action_time": "2021-05-03T12:53:45.834", "user": 1, "content_type": 9, "object_id": "2", "object_repr": "Cost object (2)", "action_flag": 3, "change_message": ""}}, {"model": "admin.logentry", "pk": 9, "fields": {"action_time": "2021-05-04T10:15:21.746", "user": 1, "content_type": 7, "object_id": "3", "object_repr": "LED TV 70\" 180 w 60 min", "action_flag": 1, "change_message": "[{\"added\": {}}]"}}, {"model": "admin.logentry", "pk": 10, "fields": {"action_time": "2021-05-04T10:18:50.876", "user": 1, "content_type": 7, "object_id": "4", "object_repr": "Dishwasher 1000 w 90 min", "action_flag": 1, "change_message": "[{\"added\": {}}]"}}, {"model": "admin.logentry", "pk": 11, "fields": {"action_time": "2021-05-04T10:19:35.463", "user": 1, "content_type": 7, "object_id": "5", "object_repr": "Toaster 750 w 3 min", "action_flag": 1, "change_message": "[{\"added\": {}}]"}}, {"model": "admin.logentry", "pk": 12, "fields": {"action_time": "2021-05-04T10:20:57.074", "user": 1, "content_type": 7, "object_id": "6", "object_repr": "Dehumidifier 1500 w 60 min", "action_flag": 1, "change_message": "[{\"added\": {}}]"}}, {"model": "admin.logentry", "pk": 13, "fields": {"action_time": "2021-05-04T10:21:28.805", "user": 1, "content_type": 7, "object_id": "3", "object_repr": "TV LED 70\" 180.00 w 60 min", "action_flag": 2, "change_message": "[{\"changed\": {\"fields\": [\"Name\"]}}]"}}, {"model": "admin.logentry", "pk": 14, "fields": {"action_time": "2021-05-04T10:22:32.751", "user": 1, "content_type": 7, "object_id": "7", "object_repr": "Microwave 800 w 5 min", "action_flag": 1, "change_message": "[{\"added\": {}}]"}}, {"model": "admin.logentry", "pk": 15, "fields": {"action_time": "2021-05-04T10:23:40.639", "user": 1, "content_type": 7, "object_id": "8", "object_repr": "Oven 2400 w 30 min", "action_flag": 1, "change_message": "[{\"added\": {}}]"}}, {"model": "admin.logentry", "pk": 16, "fields": {"action_time": "2021-05-04T10:26:22.785", "user": 1, "content_type": 7, "object_id": "9", "object_repr": "Hob Cooker Induction 2000 w 15 min", "action_flag": 1, "change_message": "[{\"added\": {}}]"}}, {"model": "admin.logentry", "pk": 17, "fields": {"action_time": "2021-05-04T10:32:32.484", "user": 1, "content_type": 7, "object_id": "10", "object_repr": "Washing Machine 1000 w 60 min", "action_flag": 1, "change_message": "[{\"added\": {}}]"}}, {"model": "admin.logentry", "pk": 18, "fields": {"action_time": "2021-05-04T10:40:35.845", "user": 1, "content_type": 7, "object_id": "11", "object_repr": "Dryer 3000 w 90 min", "action_flag": 1, "change_message": "[{\"added\": {}}]"}}, {"model": "admin.logentry", "pk": 19, "fields": {"action_time": "2021-05-04T10:44:00.714", "user": 1, "content_type": 7, "object_id": "12", "object_repr": "Laptop Computer 30 w 60 min", "action_flag": 1, "change_message": "[{\"added\": {}}]"}}, {"model": "admin.logentry", "pk": 20, "fields": {"action_time": "2021-05-04T10:44:12.762", "user": 1, "content_type": 7, "object_id": "13", "object_repr": "Desktop Computer 60 w 60 min", "action_flag": 1, "change_message": "[{\"added\": {}}]"}}, {"model": "admin.logentry", "pk": 21, "fields": {"action_time": "2021-05-04T12:11:57.934", "user": 1, "content_type": 8, "object_id": "122", "object_repr": "10800.00 kwh on 2021-05-04 12:10:40.485880 Laptop Computer", "action_flag": 3, "change_message": ""}}, {"model": "admin.logentry", "pk": 22, "fields": {"action_time": "2021-05-04T12:11:57.938", "user": 1, "content_type": 8, "object_id": "121", "object_repr": "64800.00 kwh on 2021-05-04 12:10:40.478018 TV LED 70\"", "action_flag": 3, "change_message": ""}}, {"model": "admin.logentry", "pk": 23, "fields": {"action_time": "2021-05-04T12:11:57.941", "user": 1, "content_type": 8, "object_id": "120", "object_repr": "28800.00 kwh on 2021-05-04 12:10:40.469443 Desktop Computer", "action_flag": 3, "change_message": ""}}, {"model": "admin.logentry", "pk": 24, "fields": {"action_time": "2021-05-04T12:11:57.945", "user": 1, "content_type": 8, "object_id": "119", "object_repr": "16200.00 kwh on 2021-05-04 12:10:40.461825 Laptop Computer", "action_flag": 3, "change_message": ""}}, {"model": "admin.logentry", "pk": 25, "fields": {"action_time": "2021-05-04T12:11:57.947", "user": 1, "content_type": 8, "object_id": "118", "object_repr": "270000.00 kwh on 2021-05-04 12:10:40.454742 Dryer", "action_flag": 3, "change_message": ""}}, {"model": "admin.logentry", "pk": 26, "fields": {"action_time": "2021-05-04T12:11:57.950", "user": 1, "content_type": 8, "object_id": "117", "object_repr": "18000.00 kwh on 2021-05-04 12:10:40.447625 Toaster", "action_flag": 3, "change_message": ""}}, {"model": "admin.logentry", "pk": 27, "fields": {"action_time": "2021-05-04T12:11:57.953", "user": 1, "content_type": 8, "object_id": "116", "object_repr": "600000.00 kwh on 2021-05-04 12:10:40.438309 Washing Machine", "action_flag": 3, "change_message": ""}}, {"model": "admin.logentry", "pk": 28, "fields": {"action_time": "2021-05-04T12:11:57.955", "user": 1, "content_type": 8, "object_id": "115", "object_repr": "900.00 kwh on 2021-05-04 12:10:40.431269 LED Light", "action_flag": 3, "change_message": ""}}, {"model": "admin.logentry", "pk": 29, "fields": {"action_time": "2021-05-04T12:11:57.958", "user": 1, "content_type": 8, "object_id": "114", "object_repr": "67200.00 kwh on 2021-05-04 12:10:40.424634 Kettle", "action_flag": 3, "change_message": ""}}, {"model": "admin.logentry", "pk": 30, "fields": {"action_time": "2021-05-04T12:11:57.961", "user": 1, "content_type": 8, "object_id": "113", "object_repr": "14400.00 kwh on 2021-05-04 12:10:40.407283 Laptop Computer", "action_flag": 3, "change_message": ""}}, {"model": "admin.logentry", "pk": 31, "fields": {"action_time": "2021-05-04T12:11:57.965", "user": 1, "content_type": 8, "object_id": "112", "object_repr": "40000.00 kwh on 2021-05-04 12:10:02.016619 Microwave", "action_flag": 3, "change_message": ""}}, {"model": "admin.logentry", "pk": 32, "fields": {"action_time": "2021-05-04T12:11:57.967", "user": 1, "content_type": 8, "object_id": "111", "object_repr": "120000.00 kwh on 2021-05-04 12:10:02.009522 Hob Cooker Induction", "action_flag": 3, "change_message": ""}}, {"model": "admin.logentry", "pk": 33, "fields": {"action_time": "2021-05-04T12:11:57.970", "user": 1, "content_type": 8, "object_id": "110", "object_repr": "360000.00 kwh on 2021-05-04 12:10:02.005135 Oven", "action_flag": 3, "change_message": ""}}, {"model": "admin.logentry", "pk": 34, "fields": {"action_time": "2021-05-04T12:11:57.975", "user": 1, "content_type": 8, "object_id": "109", "object_repr": "810000.00 kwh on 2021-05-04 12:10:02.000783 Dehumidifier", "action_flag": 3, "change_message": ""}}, {"model": "admin.logentry", "pk": 35, "fields": {"action_time": "2021-05-04T12:11:57.978", "user": 1, "content_type": 8, "object_id": "108", "object_repr": "22500.00 kwh on 2021-05-04 12:10:01.992935 Toaster", "action_flag": 3, "change_message": ""}}, {"model": "admin.logentry", "pk": 36, "fields": {"action_time": "2021-05-04T12:11:57.985", "user": 1, "content_type": 8, "object_id": "107", "object_repr": "86400.00 kwh on 2021-05-04 12:10:01.983853 TV LED 70\"", "action_flag": 3, "change_message": ""}}, {"model": "admin.logentry", "pk": 37, "fields": {"action_time": "2021-05-04T12:11:57.994", "user": 1, "content_type": 8, "object_id": "106", "object_repr": "10800.00 kwh on 2021-05-04 12:10:01.974142 Laptop Computer", "action_flag": 3, "change_message": ""}}, {"model": "admin.logentry", "pk": 38, "fields": {"action_time": "2021-05-04T12:11:57.997", "user": 1, "content_type": 8, "object_id": "105", "object_repr": "1500.00 kwh on 2021-05-04 12:10:01.966659 LED Light", "action_flag": 3, "change_message": ""}}, {"model": "admin.logentry", "pk": 39, "fields": {"action_time": "2021-05-04T12:11:57.999", "user": 1, "content_type": 8, "object_id": "104", "object_repr": "9000.00 kwh on 2021-05-04 12:10:01.950870 Toaster", "action_flag": 3, "change_message": ""}}, {"model": "admin.logentry", "pk": 40, "fields": {"action_time": "2021-05-04T12:11:58.003", "user": 1, "content_type": 8, "object_id": "103", "object_repr": "90000.00 kwh on 2021-05-04 12:10:01.916826 Dehumidifier", "action_flag": 3, "change_message": ""}}, {"model": "admin.logentry", "pk": 41, "fields": {"action_time": "2021-05-04T12:11:58.010", "user": 1, "content_type": 8, "object_id": "102", "object_repr": "9000.00 kwh on 2021-05-04 12:09:57.967977 Laptop Computer", "action_flag": 3, "change_message": ""}}, {"model": "admin.logentry", "pk": 42, "fields": {"action_time": "2021-05-04T12:11:58.017", "user": 1, "content_type": 8, "object_id": "101", "object_repr": "9000.00 kwh on 2021-05-04 12:09:57.963598 Laptop Computer", "action_flag": 3, "change_message": ""}}, {"model": "admin.logentry", "pk": 43, "fields": {"action_time": "2021-05-04T12:11:58.021", "user": 1, "content_type": 8, "object_id": "100", "object_repr": "11250.00 kwh on 2021-05-04 12:09:57.956014 Toaster", "action_flag": 3, "change_message": ""}}, {"model": "admin.logentry", "pk": 44, "fields": {"action_time": "2021-05-04T12:11:58.026", "user": 1, "content_type": 8, "object_id": "99", "object_repr": "90000.00 kwh on 2021-05-04 12:09:57.950536 Hob Cooker Induction", "action_flag": 3, "change_message": ""}}, {"model": "admin.logentry", "pk": 45, "fields": {"action_time": "2021-05-04T12:11:58.029", "user": 1, "content_type": 8, "object_id": "98", "object_repr": "2400.00 kwh on 2021-05-04 12:09:57.945509 LED Light", "action_flag": 3, "change_message": ""}}, {"model": "admin.logentry", "pk": 46, "fields": {"action_time": "2021-05-04T12:11:58.033", "user": 1, "content_type": 8, "object_id": "97", "object_repr": "60000.00 kwh on 2021-05-04 12:09:57.939658 Washing Machine", "action_flag": 3, "change_message": ""}}, {"model": "admin.logentry", "pk": 47, "fields": {"action_time": "2021-05-04T12:11:58.037", "user": 1, "content_type": 8, "object_id": "96", "object_repr": "120000.00 kwh on 2021-05-04 12:09:57.929870 Hob Cooker Induction", "action_flag": 3, "change_message": ""}}, {"model": "admin.logentry", "pk": 48, "fields": {"action_time": "2021-05-04T12:11:58.042", "user": 1, "content_type": 8, "object_id": "95", "object_repr": "64800.00 kwh on 2021-05-04 12:09:57.918179 TV LED 70\"", "action_flag": 3, "change_message": ""}}, {"model": "admin.logentry", "pk": 49, "fields": {"action_time": "2021-05-04T12:11:58.048", "user": 1, "content_type": 8, "object_id": "94", "object_repr": "576000.00 kwh on 2021-05-04 12:09:57.903358 Oven", "action_flag": 3, "change_message": ""}}, {"model": "admin.logentry", "pk": 50, "fields": {"action_time": "2021-05-04T12:11:58.054", "user": 1, "content_type": 8, "object_id": "93", "object_repr": "1200.00 kwh on 2021-05-04 12:09:57.851370 LED Light", "action_flag": 3, "change_message": ""}}, {"model": "admin.logentry", "pk": 51, "fields": {"action_time": "2021-05-04T12:11:58.057", "user": 1, "content_type": 8, "object_id": "92", "object_repr": "360000.00 kwh on 2021-05-04 12:09:49.313466 Oven", "action_flag": 3, "change_message": ""}}, {"model": "admin.logentry", "pk": 52, "fields": {"action_time": "2021-05-04T12:11:58.059", "user": 1, "content_type": 8, "object_id": "91", "object_repr": "10800.00 kwh on 2021-05-04 12:09:49.309722 Laptop Computer", "action_flag": 3, "change_message": ""}}, {"model": "admin.logentry", "pk": 53, "fields": {"action_time": "2021-05-04T12:11:58.065", "user": 1, "content_type": 8, "object_id": "90", "object_repr": "900.00 kwh on 2021-05-04 12:09:49.301457 LED Light", "action_flag": 3, "change_message": ""}}, {"model": "admin.logentry", "pk": 54, "fields": {"action_time": "2021-05-04T12:11:58.067", "user": 1, "content_type": 8, "object_id": "89", "object_repr": "1800.00 kwh on 2021-05-04 12:09:49.296293 Laptop Computer", "action_flag": 3, "change_message": ""}}, {"model": "admin.logentry", "pk": 55, "fields": {"action_time": "2021-05-04T12:11:58.072", "user": 1, "content_type": 8, "object_id": "88", "object_repr": "72000.00 kwh on 2021-05-04 12:09:49.284065 Oven", "action_flag": 3, "change_message": ""}}, {"model": "admin.logentry", "pk": 56, "fields": {"action_time": "2021-05-04T12:11:58.076", "user": 1, "content_type": 8, "object_id": "87", "object_repr": "360000.00 kwh on 2021-05-04 12:09:49.275436 Oven", "action_flag": 3, "change_message": ""}}, {"model": "admin.logentry", "pk": 57, "fields": {"action_time": "2021-05-04T12:11:58.082", "user": 1, "content_type": 8, "object_id": "86", "object_repr": "120000.00 kwh on 2021-05-04 12:09:49.266232 Washing Machine", "action_flag": 3, "change_message": ""}}, {"model": "admin.logentry", "pk": 58, "fields": {"action_time": "2021-05-04T12:11:58.085", "user": 1, "content_type": 8, "object_id": "85", "object_repr": "2700.00 kwh on 2021-05-04 12:09:49.257634 LED Light", "action_flag": 3, "change_message": ""}}, {"model": "admin.logentry", "pk": 59, "fields": {"action_time": "2021-05-04T12:11:58.087", "user": 1, "content_type": 8, "object_id": "84", "object_repr": "900000.00 kwh on 2021-05-04 12:09:49.252641 Dehumidifier", "action_flag": 3, "change_message": ""}}, {"model": "admin.logentry", "pk": 60, "fields": {"action_time": "2021-05-04T12:11:58.093", "user": 1, "content_type": 8, "object_id": "83", "object_repr": "300000.00 kwh on 2021-05-04 12:09:49.236898 Hob Cooker Induction", "action_flag": 3, "change_message": ""}}, {"model": "admin.logentry", "pk": 61, "fields": {"action_time": "2021-05-04T12:11:58.094", "user": 1, "content_type": 8, "object_id": "82", "object_repr": "600000.00 kwh on 2021-05-04 12:05:35.138417 Washing Machine", "action_flag": 3, "change_message": ""}}, {"model": "admin.logentry", "pk": 62, "fields": {"action_time": "2021-05-04T12:11:58.097", "user": 1, "content_type": 8, "object_id": "81", "object_repr": "180000.00 kwh on 2021-05-04 12:05:35.134131 Hob Cooker Induction", "action_flag": 3, "change_message": ""}}, {"model": "admin.logentry", "pk": 63, "fields": {"action_time": "2021-05-04T12:11:58.099", "user": 1, "content_type": 8, "object_id": "80", "object_repr": "9000.00 kwh on 2021-05-04 12:05:35.129327 Laptop Computer", "action_flag": 3, "change_message": ""}}, {"model": "admin.logentry", "pk": 64, "fields": {"action_time": "2021-05-04T12:11:58.101", "user": 1, "content_type": 8, "object_id": "79", "object_repr": "900000.00 kwh on 2021-05-04 12:05:35.123370 Dehumidifier", "action_flag": 3, "change_message": ""}}, {"model": "admin.logentry", "pk": 65, "fields": {"action_time": "2021-05-04T12:11:58.107", "user": 1, "content_type": 8, "object_id": "78", "object_repr": "86400.00 kwh on 2021-05-04 12:05:35.116192 TV LED 70\"", "action_flag": 3, "change_message": ""}}, {"model": "admin.logentry", "pk": 66, "fields": {"action_time": "2021-05-04T12:11:58.113", "user": 1, "content_type": 8, "object_id": "77", "object_repr": "3600.00 kwh on 2021-05-04 12:05:35.110223 Desktop Computer", "action_flag": 3, "change_message": ""}}, {"model": "admin.logentry", "pk": 67, "fields": {"action_time": "2021-05-04T12:11:58.115", "user": 1, "content_type": 8, "object_id": "76", "object_repr": "2400.00 kwh on 2021-05-04 12:05:35.101736 LED Light", "action_flag": 3, "change_message": ""}}, {"model": "admin.logentry", "pk": 68, "fields": {"action_time": "2021-05-04T12:11:58.118", "user": 1, "content_type": 8, "object_id": "75", "object_repr": "8000.00 kwh on 2021-05-04 12:05:35.091850 Microwave", "action_flag": 3, "change_message": ""}}, {"model": "admin.logentry", "pk": 69, "fields": {"action_time": "2021-05-04T12:11:58.120", "user": 1, "content_type": 8, "object_id": "74", "object_repr": "1500.00 kwh on 2021-05-04 12:05:35.078954 LED Light", "action_flag": 3, "change_message": ""}}, {"model": "admin.logentry", "pk": 70, "fields": {"action_time": "2021-05-04T12:11:58.122", "user": 1, "content_type": 8, "object_id": "73", "object_repr": "97200.00 kwh on 2021-05-04 12:05:35.047261 TV LED 70\"", "action_flag": 3, "change_message": ""}}, {"model": "admin.logentry", "pk": 71, "fields": {"action_time": "2021-05-04T12:11:58.125", "user": 1, "content_type": 8, "object_id": "72", "object_repr": "64800.00 kwh on 2021-05-04 12:05:29.119798 TV LED 70\"", "action_flag": 3, "change_message": ""}}, {"model": "admin.logentry", "pk": 72, "fields": {"action_time": "2021-05-04T12:11:58.128", "user": 1, "content_type": 8, "object_id": "71", "object_repr": "810000.00 kwh on 2021-05-04 12:05:29.112469 Dishwasher", "action_flag": 3, "change_message": ""}}, {"model": "admin.logentry", "pk": 73, "fields": {"action_time": "2021-05-04T12:11:58.131", "user": 1, "content_type": 8, "object_id": "70", "object_repr": "270000.00 kwh on 2021-05-04 12:05:29.105622 Dryer", "action_flag": 3, "change_message": ""}}, {"model": "admin.logentry", "pk": 74, "fields": {"action_time": "2021-05-04T12:11:58.134", "user": 1, "content_type": 8, "object_id": "69", "object_repr": "3000.00 kwh on 2021-05-04 12:05:29.101383 LED Light", "action_flag": 3, "change_message": ""}}, {"model": "admin.logentry", "pk": 75, "fields": {"action_time": "2021-05-04T12:11:58.136", "user": 1, "content_type": 8, "object_id": "68", "object_repr": "360000.00 kwh on 2021-05-04 12:05:29.095581 Washing Machine", "action_flag": 3, "change_message": ""}}, {"model": "admin.logentry", "pk": 76, "fields": {"action_time": "2021-05-04T12:11:58.140", "user": 1, "content_type": 8, "object_id": "67", "object_repr": "420000.00 kwh on 2021-05-04 12:05:29.090672 Washing Machine", "action_flag": 3, "change_message": ""}}, {"model": "admin.logentry", "pk": 77, "fields": {"action_time": "2021-05-04T12:11:58.142", "user": 1, "content_type": 8, "object_id": "66", "object_repr": "75600.00 kwh on 2021-05-04 12:05:29.084459 TV LED 70\"", "action_flag": 3, "change_message": ""}}, {"model": "admin.logentry", "pk": 78, "fields": {"action_time": "2021-05-04T12:11:58.146", "user": 1, "content_type": 8, "object_id": "65", "object_repr": "28000.00 kwh on 2021-05-04 12:05:29.079136 Microwave", "action_flag": 3, "change_message": ""}}, {"model": "admin.logentry", "pk": 79, "fields": {"action_time": "2021-05-04T12:11:58.160", "user": 1, "content_type": 8, "object_id": "64", "object_repr": "480000.00 kwh on 2021-05-04 12:05:29.075030 Washing Machine", "action_flag": 3, "change_message": ""}}, {"model": "admin.logentry", "pk": 80, "fields": {"action_time": "2021-05-04T12:11:58.162", "user": 1, "content_type": 8, "object_id": "63", "object_repr": "900000.00 kwh on 2021-05-04 12:05:29.068600 Dehumidifier", "action_flag": 3, "change_message": ""}}, {"model": "admin.logentry", "pk": 81, "fields": {"action_time": "2021-05-04T12:11:58.163", "user": 1, "content_type": 8, "object_id": "62", "object_repr": "16200.00 kwh on 2021-05-04 12:04:41.397043 Laptop Computer", "action_flag": 3, "change_message": ""}}, {"model": "admin.logentry", "pk": 82, "fields": {"action_time": "2021-05-04T12:11:58.165", "user": 1, "content_type": 8, "object_id": "61", "object_repr": "144000.00 kwh on 2021-05-04 12:04:41.391450 Oven", "action_flag": 3, "change_message": ""}}, {"model": "admin.logentry", "pk": 83, "fields": {"action_time": "2021-05-04T12:11:58.167", "user": 1, "content_type": 8, "object_id": "60", "object_repr": "9000.00 kwh on 2021-05-04 12:04:41.378860 Laptop Computer", "action_flag": 3, "change_message": ""}}, {"model": "admin.logentry", "pk": 84, "fields": {"action_time": "2021-05-04T12:11:58.171", "user": 1, "content_type": 8, "object_id": "59", "object_repr": "72000.00 kwh on 2021-05-04 12:04:41.372457 Oven", "action_flag": 3, "change_message": ""}}, {"model": "admin.logentry", "pk": 85, "fields": {"action_time": "2021-05-04T12:11:58.174", "user": 1, "content_type": 8, "object_id": "58", "object_repr": "540000.00 kwh on 2021-05-04 12:04:41.368026 Dehumidifier", "action_flag": 3, "change_message": ""}}, {"model": "admin.logentry", "pk": 86, "fields": {"action_time": "2021-05-04T12:11:58.178", "user": 1, "content_type": 8, "object_id": "57", "object_repr": "1890000.00 kwh on 2021-05-04 12:04:41.352364 Dryer", "action_flag": 3, "change_message": ""}}, {"model": "admin.logentry", "pk": 87, "fields": {"action_time": "2021-05-04T12:11:58.184", "user": 1, "content_type": 8, "object_id": "56", "object_repr": "504000.00 kwh on 2021-05-04 12:04:41.341099 Oven", "action_flag": 3, "change_message": ""}}, {"model": "admin.logentry", "pk": 88, "fields": {"action_time": "2021-05-04T12:11:58.187", "user": 1, "content_type": 8, "object_id": "55", "object_repr": "86400.00 kwh on 2021-05-04 12:04:41.335792 Kettle", "action_flag": 3, "change_message": ""}}, {"model": "admin.logentry", "pk": 89, "fields": {"action_time": "2021-05-04T12:11:58.188", "user": 1, "content_type": 8, "object_id": "54", "object_repr": "630000.00 kwh on 2021-05-04 12:04:41.323996 Dishwasher", "action_flag": 3, "change_message": ""}}, {"model": "admin.logentry", "pk": 90, "fields": {"action_time": "2021-05-04T12:11:58.191", "user": 1, "content_type": 8, "object_id": "53", "object_repr": "540000.00 kwh on 2021-05-04 12:04:41.308111 Washing Machine", "action_flag": 3, "change_message": ""}}, {"model": "admin.logentry", "pk": 91, "fields": {"action_time": "2021-05-04T12:11:58.193", "user": 1, "content_type": 8, "object_id": "52", "object_repr": "1000.00 kwh on 2021-05-04 09:39:59.360088 LED Light", "action_flag": 3, "change_message": ""}}, {"model": "admin.logentry", "pk": 92, "fields": {"action_time": "2021-05-04T12:11:58.194", "user": 1, "content_type": 8, "object_id": "51", "object_repr": "10.00 kwh on 2021-05-03 07:30:49.863461 LED Light", "action_flag": 3, "change_message": ""}}, {"model": "admin.logentry", "pk": 93, "fields": {"action_time": "2021-05-04T12:11:58.199", "user": 1, "content_type": 8, "object_id": "50", "object_repr": "240000.00 kwh on 2021-05-03 07:28:55.106476 Kettle", "action_flag": 3, "change_message": ""}}, {"model": "admin.logentry", "pk": 94, "fields": {"action_time": "2021-05-04T12:11:58.202", "user": 1, "content_type": 8, "object_id": "49", "object_repr": "10.00 kwh on 2021-05-03 07:28:49.098498 LED Light", "action_flag": 3, "change_message": ""}}, {"model": "admin.logentry", "pk": 95, "fields": {"action_time": "2021-05-04T12:11:58.204", "user": 1, "content_type": 8, "object_id": "48", "object_repr": "10.00 kwh on 2021-05-02 14:10:51.729490 LED Light", "action_flag": 3, "change_message": ""}}, {"model": "admin.logentry", "pk": 96, "fields": {"action_time": "2021-05-04T12:11:58.207", "user": 1, "content_type": 8, "object_id": "46", "object_repr": "1500.00 kwh on 2021-05-01 11:43:17.711757 LED Light", "action_flag": 3, "change_message": ""}}, {"model": "admin.logentry", "pk": 97, "fields": {"action_time": "2021-05-04T12:11:58.209", "user": 1, "content_type": 8, "object_id": "41", "object_repr": "10000.00 kwh on 2021-05-01 09:09:20.319708 LED Light", "action_flag": 3, "change_message": ""}}, {"model": "admin.logentry", "pk": 98, "fields": {"action_time": "2021-05-04T12:11:58.212", "user": 1, "content_type": 8, "object_id": "40", "object_repr": "3000.00 kwh on 2021-04-30 22:47:24.466062 LED Light", "action_flag": 3, "change_message": ""}}, {"model": "admin.logentry", "pk": 99, "fields": {"action_time": "2021-05-04T12:11:58.215", "user": 1, "content_type": 8, "object_id": "38", "object_repr": "48000.00 kwh on 2021-04-30 10:39:23.073317 Kettle", "action_flag": 3, "change_message": ""}}, {"model": "admin.logentry", "pk": 100, "fields": {"action_time": "2021-05-04T12:11:58.218", "user": 1, "content_type": 8, "object_id": "36", "object_repr": "500.00 kwh on 2021-04-29 15:11:41.112230 LED Light", "action_flag": 3, "change_message": ""}}, {"model": "admin.logentry", "pk": 101, "fields": {"action_time": "2021-05-04T12:11:58.221", "user": 1, "content_type": 8, "object_id": "35", "object_repr": "200.00 kwh on 2021-04-29 15:11:35.427881 LED Light", "action_flag": 3, "change_message": ""}}, {"model": "admin.logentry", "pk": 102, "fields": {"action_time": "2021-05-04T12:11:58.225", "user": 1, "content_type": 8, "object_id": "34", "object_repr": "200000.00 kwh on 2021-04-29 15:11:31.371800 Kettle", "action_flag": 3, "change_message": ""}}, {"model": "admin.logentry", "pk": 103, "fields": {"action_time": "2021-05-04T12:11:58.227", "user": 1, "content_type": 8, "object_id": "33", "object_repr": "20000.00 kwh on 2021-04-29 15:11:24.127181 LED Light", "action_flag": 3, "change_message": ""}}, {"model": "admin.logentry", "pk": 104, "fields": {"action_time": "2021-05-04T12:11:58.230", "user": 1, "content_type": 8, "object_id": "32", "object_repr": "1000.00 kwh on 2021-04-29 15:11:16.474146 LED Light", "action_flag": 3, "change_message": ""}}, {"model": "admin.logentry", "pk": 105, "fields": {"action_time": "2021-05-04T12:11:58.235", "user": 1, "content_type": 8, "object_id": "31", "object_repr": "610.00 kwh on 2021-04-25 15:07:32.856548 LED Light", "action_flag": 3, "change_message": ""}}, {"model": "admin.logentry", "pk": 106, "fields": {"action_time": "2021-05-04T12:11:58.237", "user": 1, "content_type": 8, "object_id": "30", "object_repr": "1510.00 kwh on 2021-04-25 15:07:29.361776 LED Light", "action_flag": 3, "change_message": ""}}, {"model": "admin.logentry", "pk": 107, "fields": {"action_time": "2021-05-04T12:11:58.241", "user": 1, "content_type": 8, "object_id": "29", "object_repr": "19200.00 kwh on 2021-04-25 15:02:37.057569 Kettle", "action_flag": 3, "change_message": ""}}, {"model": "admin.logentry", "pk": 108, "fields": {"action_time": "2021-05-04T12:11:58.244", "user": 1, "content_type": 8, "object_id": "27", "object_repr": "38400.00 kwh on 2021-04-25 15:02:22.478211 Kettle", "action_flag": 3, "change_message": ""}}, {"model": "admin.logentry", "pk": 109, "fields": {"action_time": "2021-05-04T12:11:58.250", "user": 1, "content_type": 8, "object_id": "26", "object_repr": "36000.00 kwh on 2021-04-25 15:02:07.850312 Kettle", "action_flag": 3, "change_message": ""}}, {"model": "admin.logentry", "pk": 110, "fields": {"action_time": "2021-05-04T12:11:58.253", "user": 1, "content_type": 8, "object_id": "25", "object_repr": "23430.00 kwh on 2021-04-25 15:02:00.238962 LED Light", "action_flag": 3, "change_message": ""}}, {"model": "admin.logentry", "pk": 111, "fields": {"action_time": "2021-05-04T12:11:58.256", "user": 1, "content_type": 8, "object_id": "23", "object_repr": "180.00 kwh on 2021-04-25 15:01:48.488187 LED Light", "action_flag": 3, "change_message": ""}}, {"model": "admin.logentry", "pk": 112, "fields": {"action_time": "2021-05-04T12:11:58.258", "user": 1, "content_type": 8, "object_id": "21", "object_repr": "50400.00 kwh on 2021-04-25 13:37:04.222178 Kettle", "action_flag": 3, "change_message": ""}}, {"model": "admin.logentry", "pk": 113, "fields": {"action_time": "2021-05-04T12:11:58.260", "user": 1, "content_type": 8, "object_id": "20", "object_repr": "55200.00 kwh on 2021-04-22 14:27:38.802451 Kettle", "action_flag": 3, "change_message": ""}}, {"model": "admin.logentry", "pk": 114, "fields": {"action_time": "2021-05-04T12:11:58.263", "user": 1, "content_type": 8, "object_id": "18", "object_repr": "220.00 kwh on 2021-04-22 14:22:54.870055 LED Light", "action_flag": 3, "change_message": ""}}, {"model": "admin.logentry", "pk": 115, "fields": {"action_time": "2021-05-04T12:11:58.266", "user": 1, "content_type": 8, "object_id": "17", "object_repr": "290400.00 kwh on 2021-04-22 14:22:49.338885 Kettle", "action_flag": 3, "change_message": ""}}, {"model": "admin.logentry", "pk": 116, "fields": {"action_time": "2021-05-04T12:11:58.268", "user": 1, "content_type": 8, "object_id": "16", "object_repr": "194400.00 kwh on 2021-04-22 14:22:42.439196 Kettle", "action_flag": 3, "change_message": ""}}, {"model": "admin.logentry", "pk": 117, "fields": {"action_time": "2021-05-04T12:11:58.271", "user": 1, "content_type": 8, "object_id": "15", "object_repr": "56560.00 kwh on 2021-04-22 14:22:37.922077 LED Light", "action_flag": 3, "change_message": ""}}, {"model": "admin.logentry", "pk": 118, "fields": {"action_time": "2021-05-04T12:11:58.274", "user": 1, "content_type": 8, "object_id": "14", "object_repr": "880.00 kwh on 2021-04-22 14:22:32.992063 LED Light", "action_flag": 3, "change_message": ""}}, {"model": "admin.logentry", "pk": 119, "fields": {"action_time": "2021-05-04T12:11:58.276", "user": 1, "content_type": 8, "object_id": "13", "object_repr": "2560.00 kwh on 2021-04-22 14:22:26.494418 LED Light", "action_flag": 3, "change_message": ""}}, {"model": "admin.logentry", "pk": 120, "fields": {"action_time": "2021-05-04T12:11:58.279", "user": 1, "content_type": 8, "object_id": "9", "object_repr": "28800.00 kwh on 2021-04-21 19:28:50.517521 Kettle", "action_flag": 3, "change_message": ""}}, {"model": "admin.logentry", "pk": 121, "fields": {"action_time": "2021-05-04T12:14:04.395", "user": 1, "content_type": 8, "object_id": "132", "object_repr": "22500.00 kwh on 2021-05-04 12:13:10.195629 Dryer", "action_flag": 3, "change_message": ""}}, {"model": "admin.logentry", "pk": 122, "fields": {"action_time": "2021-05-04T12:14:04.401", "user": 1, "content_type": 8, "object_id": "131", "object_repr": "640.00 kwh on 2021-05-04 12:13:10.190327 Kettle", "action_flag": 3, "change_message": ""}}, {"model": "admin.logentry", "pk": 123, "fields": {"action_time": "2021-05-04T12:14:04.405", "user": 1, "content_type": 8, "object_id": "130", "object_repr": "40500.00 kwh on 2021-05-04 12:13:10.186161 Dryer", "action_flag": 3, "change_message": ""}}, {"model": "admin.logentry", "pk": 124, "fields": {"action_time": "2021-05-04T12:14:04.409", "user": 1, "content_type": 8, "object_id": "129", "object_repr": "6000.00 kwh on 2021-05-04 12:13:10.181899 Dishwasher", "action_flag": 3, "change_message": ""}}, {"model": "admin.logentry", "pk": 125, "fields": {"action_time": "2021-05-04T12:14:04.414", "user": 1, "content_type": 8, "object_id": "128", "object_repr": "2500.00 kwh on 2021-05-04 12:13:10.175742 Hob Cooker Induction", "action_flag": 3, "change_message": ""}}, {"model": "admin.logentry", "pk": 126, "fields": {"action_time": "2021-05-04T12:14:04.418", "user": 1, "content_type": 8, "object_id": "127", "object_repr": "3000.00 kwh on 2021-05-04 12:13:10.171834 Dehumidifier", "action_flag": 3, "change_message": ""}}, {"model": "admin.logentry", "pk": 127, "fields": {"action_time": "2021-05-04T12:14:04.423", "user": 1, "content_type": 8, "object_id": "126", "object_repr": "666.67 kwh on 2021-05-04 12:13:10.166458 Microwave", "action_flag": 3, "change_message": ""}}, {"model": "admin.logentry", "pk": 128, "fields": {"action_time": "2021-05-04T12:14:04.430", "user": 1, "content_type": 8, "object_id": "125", "object_repr": "333.33 kwh on 2021-05-04 12:13:10.162361 Microwave", "action_flag": 3, "change_message": ""}}, {"model": "admin.logentry", "pk": 129, "fields": {"action_time": "2021-05-04T12:14:04.435", "user": 1, "content_type": 8, "object_id": "124", "object_repr": "300.00 kwh on 2021-05-04 12:13:10.157537 Toaster", "action_flag": 3, "change_message": ""}}, {"model": "admin.logentry", "pk": 130, "fields": {"action_time": "2021-05-04T12:14:04.443", "user": 1, "content_type": 8, "object_id": "123", "object_repr": "7500.00 kwh on 2021-05-04 12:13:10.151789 Dehumidifier", "action_flag": 3, "change_message": ""}}, {"model": "admin.logentry", "pk": 131, "fields": {"action_time": "2021-05-04T14:18:59.668", "user": 1, "content_type": 7, "object_id": "7", "object_repr": "Microwave 800.00 w 5 min", "action_flag": 2, "change_message": "[]"}}, {"model": "admin.logentry", "pk": 132, "fields": {"action_time": "2021-05-10T10:45:16.648", "user": 1, "content_type": 8, "object_id": "335", "object_repr": "0.16 kwh on 2021-05-08 00:00:08.405694 Kettle", "action_flag": 3, "change_message": ""}}, {"model": "admin.logentry", "pk": 133, "fields": {"action_time": "2021-05-10T10:45:16.655", "user": 1, "content_type": 8, "object_id": "334", "object_repr": "0.16 kwh on 2021-05-08 00:00:07.592022 Kettle", "action_flag": 3, "change_message": ""}}, {"model": "admin.logentry", "pk": 134, "fields": {"action_time": "2021-05-10T10:45:16.658", "user": 1, "content_type": 8, "object_id": "333", "object_repr": "0.16 kwh on 2021-05-08 00:00:06.414800 Kettle", "action_flag": 3, "change_message": ""}}, {"model": "admin.logentry", "pk": 135, "fields": {"action_time": "2021-05-10T10:45:16.661", "user": 1, "content_type": 8, "object_id": "332", "object_repr": "0.16 kwh on 2021-05-08 00:00:04.091382 Kettle", "action_flag": 3, "change_message": ""}}, {"model": "admin.logentry", "pk": 136, "fields": {"action_time": "2021-05-10T10:45:16.664", "user": 1, "content_type": 8, "object_id": "331", "object_repr": "0.16 kwh on 2021-05-07 18:36:33.203357 Kettle", "action_flag": 3, "change_message": ""}}, {"model": "admin.logentry", "pk": 137, "fields": {"action_time": "2021-05-10T10:45:16.667", "user": 1, "content_type": 8, "object_id": "330", "object_repr": "6.00 kwh on 2021-05-07 18:35:35.485751 Hob Cooker Induction", "action_flag": 3, "change_message": ""}}, {"model": "admin.logentry", "pk": 138, "fields": {"action_time": "2021-05-10T10:45:16.670", "user": 1, "content_type": 8, "object_id": "329", "object_repr": "66.67 kwh on 2021-05-07 16:01:01.565920 Hob Cooker Induction", "action_flag": 3, "change_message": ""}}, {"model": "admin.logentry", "pk": 139, "fields": {"action_time": "2021-05-10T10:45:16.672", "user": 1, "content_type": 8, "object_id": "328", "object_repr": "6.00 kwh on 2021-05-07 16:00:04.428645 Hob Cooker Induction", "action_flag": 3, "change_message": ""}}, {"model": "admin.logentry", "pk": 140, "fields": {"action_time": "2021-05-10T10:45:16.675", "user": 1, "content_type": 8, "object_id": "327", "object_repr": "1.50 kwh on 2021-05-07 15:59:00.614691 Dehumidifier", "action_flag": 3, "change_message": ""}}, {"model": "admin.logentry", "pk": 141, "fields": {"action_time": "2021-05-10T10:45:16.676", "user": 1, "content_type": 8, "object_id": "326", "object_repr": "1.50 kwh on 2021-05-07 15:58:27.948941 Dehumidifier", "action_flag": 3, "change_message": ""}}, {"model": "admin.logentry", "pk": 142, "fields": {"action_time": "2021-05-10T10:45:16.679", "user": 1, "content_type": 8, "object_id": "325", "object_repr": "1.50 kwh on 2021-05-07 15:54:27.856463 Dehumidifier", "action_flag": 3, "change_message": ""}}, {"model": "admin.logentry", "pk": 143, "fields": {"action_time": "2021-05-10T10:45:16.683", "user": 1, "content_type": 8, "object_id": "324", "object_repr": "1.50 kwh on 2021-05-07 15:54:27.151458 Dehumidifier", "action_flag": 3, "change_message": ""}}, {"model": "admin.logentry", "pk": 144, "fields": {"action_time": "2021-05-10T10:45:16.686", "user": 1, "content_type": 8, "object_id": "323", "object_repr": "1.50 kwh on 2021-05-07 15:54:25.771793 Dehumidifier", "action_flag": 3, "change_message": ""}}, {"model": "admin.logentry", "pk": 145, "fields": {"action_time": "2021-05-10T10:45:16.689", "user": 1, "content_type": 8, "object_id": "322", "object_repr": "1.50 kwh on 2021-05-07 15:54:24.115667 Dehumidifier", "action_flag": 3, "change_message": ""}}, {"model": "admin.logentry", "pk": 146, "fields": {"action_time": "2021-05-10T10:45:16.691", "user": 1, "content_type": 8, "object_id": "321", "object_repr": "1.50 kwh on 2021-05-07 15:54:18.778484 Dehumidifier", "action_flag": 3, "change_message": ""}}, {"model": "admin.logentry", "pk": 147, "fields": {"action_time": "2021-05-10T10:45:16.695", "user": 1, "content_type": 8, "object_id": "320", "object_repr": "1.50 kwh on 2021-05-07 15:53:54.294732 Dehumidifier", "action_flag": 3, "change_message": ""}}, {"model": "admin.logentry", "pk": 148, "fields": {"action_time": "2021-05-10T10:45:16.697", "user": 1, "content_type": 8, "object_id": "319", "object_repr": "1.50 kwh on 2021-05-07 15:52:27.730483 Dehumidifier", "action_flag": 3, "change_message": ""}}, {"model": "admin.logentry", "pk": 149, "fields": {"action_time": "2021-05-10T10:45:16.699", "user": 1, "content_type": 8, "object_id": "318", "object_repr": "1.50 kwh on 2021-05-07 15:52:15.609989 Dehumidifier", "action_flag": 3, "change_message": ""}}, {"model": "admin.logentry", "pk": 150, "fields": {"action_time": "2021-05-10T10:45:16.701", "user": 1, "content_type": 8, "object_id": "317", "object_repr": "1.50 kwh on 2021-05-07 15:52:09.022375 Dehumidifier", "action_flag": 3, "change_message": ""}}, {"model": "admin.logentry", "pk": 151, "fields": {"action_time": "2021-05-10T10:45:16.703", "user": 1, "content_type": 8, "object_id": "316", "object_repr": "1.50 kwh on 2021-05-07 15:50:49.630741 Dehumidifier", "action_flag": 3, "change_message": ""}}, {"model": "admin.logentry", "pk": 152, "fields": {"action_time": "2021-05-10T10:45:16.706", "user": 1, "content_type": 8, "object_id": "315", "object_repr": "1.50 kwh on 2021-05-07 15:50:46.693872 Dehumidifier", "action_flag": 3, "change_message": ""}}, {"model": "admin.logentry", "pk": 153, "fields": {"action_time": "2021-05-10T10:45:16.709", "user": 1, "content_type": 8, "object_id": "314", "object_repr": "1.50 kwh on 2021-05-07 15:50:40.963704 Dehumidifier", "action_flag": 3, "change_message": ""}}, {"model": "admin.logentry", "pk": 154, "fields": {"action_time": "2021-05-10T10:45:16.715", "user": 1, "content_type": 8, "object_id": "313", "object_repr": "0.80 kwh on 2021-05-07 15:46:28.581312 Microwave", "action_flag": 3, "change_message": ""}}, {"model": "admin.logentry", "pk": 155, "fields": {"action_time": "2021-05-10T10:45:16.718", "user": 1, "content_type": 8, "object_id": "312", "object_repr": "0.80 kwh on 2021-05-07 15:46:25.621551 Microwave", "action_flag": 3, "change_message": ""}}, {"model": "admin.logentry", "pk": 156, "fields": {"action_time": "2021-05-10T10:45:16.720", "user": 1, "content_type": 8, "object_id": "311", "object_repr": "0.80 kwh on 2021-05-07 15:45:30.866904 Microwave", "action_flag": 3, "change_message": ""}}, {"model": "admin.logentry", "pk": 157, "fields": {"action_time": "2021-05-10T10:45:16.722", "user": 1, "content_type": 8, "object_id": "310", "object_repr": "0.07 kwh on 2021-05-07 15:45:25.390540 Microwave", "action_flag": 3, "change_message": ""}}, {"model": "admin.logentry", "pk": 158, "fields": {"action_time": "2021-05-10T10:45:16.724", "user": 1, "content_type": 8, "object_id": "309", "object_repr": "0.07 kwh on 2021-05-07 15:45:13.195256 Microwave", "action_flag": 3, "change_message": ""}}, {"model": "admin.logentry", "pk": 159, "fields": {"action_time": "2021-05-10T10:45:16.729", "user": 1, "content_type": 8, "object_id": "308", "object_repr": "9.00 kwh on 2021-05-07 15:43:20.686521 Dryer", "action_flag": 3, "change_message": ""}}, {"model": "admin.logentry", "pk": 160, "fields": {"action_time": "2021-05-10T10:45:16.732", "user": 1, "content_type": 8, "object_id": "307", "object_repr": "9.00 kwh on 2021-05-07 15:42:58.036033 Dryer", "action_flag": 3, "change_message": ""}}, {"model": "admin.logentry", "pk": 161, "fields": {"action_time": "2021-05-10T10:45:16.735", "user": 1, "content_type": 8, "object_id": "306", "object_repr": "9.00 kwh on 2021-05-07 15:42:51.319506 Dryer", "action_flag": 3, "change_message": ""}}, {"model": "admin.logentry", "pk": 162, "fields": {"action_time": "2021-05-10T10:45:16.737", "user": 1, "content_type": 8, "object_id": "305", "object_repr": "4.50 kwh on 2021-05-07 15:41:44.462396 Dryer", "action_flag": 3, "change_message": ""}}, {"model": "admin.logentry", "pk": 163, "fields": {"action_time": "2021-05-10T10:45:16.741", "user": 1, "content_type": 8, "object_id": "304", "object_repr": "0.00 kwh on 2021-05-07 15:41:35.532630 LED Light", "action_flag": 3, "change_message": ""}}, {"model": "admin.logentry", "pk": 164, "fields": {"action_time": "2021-05-10T10:45:16.744", "user": 1, "content_type": 8, "object_id": "303", "object_repr": "37.50 kwh on 2021-05-07 15:39:48.902412 Toaster", "action_flag": 3, "change_message": ""}}, {"model": "admin.logentry", "pk": 165, "fields": {"action_time": "2021-05-10T10:45:16.746", "user": 1, "content_type": 8, "object_id": "302", "object_repr": "0.38 kwh on 2021-05-07 15:39:18.985308 Toaster", "action_flag": 3, "change_message": ""}}, {"model": "admin.logentry", "pk": 166, "fields": {"action_time": "2021-05-10T10:45:16.748", "user": 1, "content_type": 8, "object_id": "301", "object_repr": "1.50 kwh on 2021-05-07 15:37:43.952808 Dehumidifier", "action_flag": 3, "change_message": ""}}, {"model": "admin.logentry", "pk": 167, "fields": {"action_time": "2021-05-10T10:45:16.750", "user": 1, "content_type": 8, "object_id": "300", "object_repr": "1.50 kwh on 2021-05-07 15:37:38.879630 Dehumidifier", "action_flag": 3, "change_message": ""}}, {"model": "admin.logentry", "pk": 168, "fields": {"action_time": "2021-05-10T10:45:16.754", "user": 1, "content_type": 8, "object_id": "299", "object_repr": "0.00 kwh on 2021-05-07 15:37:30.871086 LED Light", "action_flag": 3, "change_message": ""}}, {"model": "admin.logentry", "pk": 169, "fields": {"action_time": "2021-05-10T10:45:16.756", "user": 1, "content_type": 8, "object_id": "298", "object_repr": "0.00 kwh on 2021-05-07 13:53:29.387582 LED Light", "action_flag": 3, "change_message": ""}}, {"model": "admin.logentry", "pk": 170, "fields": {"action_time": "2021-05-10T10:45:16.758", "user": 1, "content_type": 8, "object_id": "297", "object_repr": "0.00 kwh on 2021-05-07 13:53:01.466097 LED Light", "action_flag": 3, "change_message": ""}}, {"model": "admin.logentry", "pk": 171, "fields": {"action_time": "2021-05-10T10:45:16.761", "user": 1, "content_type": 8, "object_id": "296", "object_repr": "0.00 kwh on 2021-05-07 13:52:40.314076 LED Light", "action_flag": 3, "change_message": ""}}, {"model": "admin.logentry", "pk": 172, "fields": {"action_time": "2021-05-10T10:45:16.765", "user": 1, "content_type": 8, "object_id": "295", "object_repr": "0.00 kwh on 2021-05-07 13:50:51.722573 LED Light", "action_flag": 3, "change_message": ""}}, {"model": "admin.logentry", "pk": 173, "fields": {"action_time": "2021-05-10T10:45:16.772", "user": 1, "content_type": 8, "object_id": "294", "object_repr": "0.00 kwh on 2021-05-07 13:49:43.866390 LED Light", "action_flag": 3, "change_message": ""}}, {"model": "admin.logentry", "pk": 174, "fields": {"action_time": "2021-05-10T10:45:16.774", "user": 1, "content_type": 8, "object_id": "293", "object_repr": "0.00 kwh on 2021-05-07 13:48:57.358499 LED Light", "action_flag": 3, "change_message": ""}}, {"model": "admin.logentry", "pk": 175, "fields": {"action_time": "2021-05-10T10:45:16.776", "user": 1, "content_type": 8, "object_id": "292", "object_repr": "0.00 kwh on 2021-05-07 13:44:54.212389 LED Light", "action_flag": 3, "change_message": ""}}, {"model": "admin.logentry", "pk": 176, "fields": {"action_time": "2021-05-10T10:45:16.781", "user": 1, "content_type": 8, "object_id": "291", "object_repr": "0.00 kwh on 2021-05-07 13:34:18.676404 LED Light", "action_flag": 3, "change_message": ""}}, {"model": "admin.logentry", "pk": 177, "fields": {"action_time": "2021-05-10T10:45:16.786", "user": 1, "content_type": 8, "object_id": "290", "object_repr": "0.00 kwh on 2021-05-07 13:33:37.060765 LED Light", "action_flag": 3, "change_message": ""}}, {"model": "admin.logentry", "pk": 178, "fields": {"action_time": "2021-05-10T10:45:16.789", "user": 1, "content_type": 8, "object_id": "289", "object_repr": "0.00 kwh on 2021-05-07 13:19:57.069360 LED Light", "action_flag": 3, "change_message": ""}}, {"model": "admin.logentry", "pk": 179, "fields": {"action_time": "2021-05-10T10:45:16.795", "user": 1, "content_type": 8, "object_id": "288", "object_repr": "0.00 kwh on 2021-05-07 13:18:13.708129 LED Light", "action_flag": 3, "change_message": ""}}, {"model": "admin.logentry", "pk": 180, "fields": {"action_time": "2021-05-10T10:45:16.798", "user": 1, "content_type": 8, "object_id": "287", "object_repr": "0.00 kwh on 2021-05-07 00:07:14.628505 LED Light", "action_flag": 3, "change_message": ""}}, {"model": "admin.logentry", "pk": 181, "fields": {"action_time": "2021-05-10T10:45:16.800", "user": 1, "content_type": 8, "object_id": "286", "object_repr": "0.09 kwh on 2021-05-06 22:11:27.129578 Laptop Computer", "action_flag": 3, "change_message": ""}}, {"model": "admin.logentry", "pk": 182, "fields": {"action_time": "2021-05-10T10:45:16.802", "user": 1, "content_type": 8, "object_id": "285", "object_repr": "0.00 kwh on 2021-05-06 22:03:23.718867 LED Light", "action_flag": 3, "change_message": ""}}, {"model": "admin.logentry", "pk": 183, "fields": {"action_time": "2021-05-10T10:45:16.804", "user": 1, "content_type": 8, "object_id": "284", "object_repr": "0.00 kwh on 2021-05-06 21:59:17.273685 LED Light", "action_flag": 3, "change_message": ""}}, {"model": "admin.logentry", "pk": 184, "fields": {"action_time": "2021-05-10T10:45:16.806", "user": 1, "content_type": 8, "object_id": "283", "object_repr": "0.16 kwh on 2021-05-06 21:54:04.693257 Kettle", "action_flag": 3, "change_message": ""}}, {"model": "admin.logentry", "pk": 185, "fields": {"action_time": "2021-05-10T10:45:16.808", "user": 1, "content_type": 8, "object_id": "282", "object_repr": "0.00 kwh on 2021-05-06 21:53:34.691723 LED Light", "action_flag": 3, "change_message": ""}}, {"model": "admin.logentry", "pk": 186, "fields": {"action_time": "2021-05-10T10:45:16.811", "user": 1, "content_type": 8, "object_id": "281", "object_repr": "0.00 kwh on 2021-05-06 21:48:05.154678 LED Light", "action_flag": 3, "change_message": ""}}, {"model": "admin.logentry", "pk": 187, "fields": {"action_time": "2021-05-10T10:45:16.814", "user": 1, "content_type": 8, "object_id": "280", "object_repr": "0.00 kwh on 2021-05-06 21:48:00.561690 LED Light", "action_flag": 3, "change_message": ""}}, {"model": "admin.logentry", "pk": 188, "fields": {"action_time": "2021-05-10T10:45:16.816", "user": 1, "content_type": 8, "object_id": "279", "object_repr": "1.50 kwh on 2021-05-06 21:46:14.392271 Dehumidifier", "action_flag": 3, "change_message": ""}}, {"model": "admin.logentry", "pk": 189, "fields": {"action_time": "2021-05-10T10:45:16.822", "user": 1, "content_type": 8, "object_id": "278", "object_repr": "1.50 kwh on 2021-05-06 21:43:16.589229 Dehumidifier", "action_flag": 3, "change_message": ""}}, {"model": "admin.logentry", "pk": 190, "fields": {"action_time": "2021-05-10T10:45:16.825", "user": 1, "content_type": 8, "object_id": "277", "object_repr": "1.50 kwh on 2021-05-06 21:42:55.602803 Dehumidifier", "action_flag": 3, "change_message": ""}}, {"model": "admin.logentry", "pk": 191, "fields": {"action_time": "2021-05-10T10:45:16.829", "user": 1, "content_type": 8, "object_id": "276", "object_repr": "0.00 kwh on 2021-05-06 21:21:17.995093 LED Light", "action_flag": 3, "change_message": ""}}, {"model": "admin.logentry", "pk": 192, "fields": {"action_time": "2021-05-10T10:45:16.831", "user": 1, "content_type": 8, "object_id": "275", "object_repr": "0.16 kwh on 2021-05-06 19:43:02.232903 Kettle", "action_flag": 3, "change_message": ""}}, {"model": "admin.logentry", "pk": 193, "fields": {"action_time": "2021-05-10T10:45:16.834", "user": 1, "content_type": 8, "object_id": "274", "object_repr": "0.16 kwh on 2021-05-06 19:42:59.599329 Kettle", "action_flag": 3, "change_message": ""}}, {"model": "admin.logentry", "pk": 194, "fields": {"action_time": "2021-05-10T10:45:16.836", "user": 1, "content_type": 8, "object_id": "273", "object_repr": "0.16 kwh on 2021-05-06 19:42:56.913169 Kettle", "action_flag": 3, "change_message": ""}}, {"model": "admin.logentry", "pk": 195, "fields": {"action_time": "2021-05-10T10:45:16.839", "user": 1, "content_type": 8, "object_id": "272", "object_repr": "0.16 kwh on 2021-05-06 19:41:08.920275 Kettle", "action_flag": 3, "change_message": ""}}, {"model": "admin.logentry", "pk": 196, "fields": {"action_time": "2021-05-10T10:45:16.841", "user": 1, "content_type": 8, "object_id": "271", "object_repr": "0.02 kwh on 2021-05-06 15:15:16.182734 LED Light", "action_flag": 3, "change_message": ""}}, {"model": "admin.logentry", "pk": 197, "fields": {"action_time": "2021-05-10T10:45:16.850", "user": 1, "content_type": 8, "object_id": "270", "object_repr": "0.00 kwh on 2021-05-06 15:15:03.976796 LED Light", "action_flag": 3, "change_message": ""}}, {"model": "admin.logentry", "pk": 198, "fields": {"action_time": "2021-05-10T10:45:16.855", "user": 1, "content_type": 8, "object_id": "269", "object_repr": "10.00 kwh on 2021-05-06 15:06:12.576681 LED Light", "action_flag": 3, "change_message": ""}}, {"model": "admin.logentry", "pk": 199, "fields": {"action_time": "2021-05-10T10:45:16.858", "user": 1, "content_type": 8, "object_id": "268", "object_repr": "10.00 kwh on 2021-05-06 14:56:53.242679 LED Light", "action_flag": 3, "change_message": ""}}, {"model": "admin.logentry", "pk": 200, "fields": {"action_time": "2021-05-10T10:45:16.860", "user": 1, "content_type": 8, "object_id": "267", "object_repr": "10.00 kwh on 2021-05-06 14:44:34.851570 LED Light", "action_flag": 3, "change_message": ""}}, {"model": "admin.logentry", "pk": 201, "fields": {"action_time": "2021-05-10T10:45:16.866", "user": 1, "content_type": 8, "object_id": "266", "object_repr": "10.00 kwh on 2021-05-06 14:44:26.122498 LED Light", "action_flag": 3, "change_message": ""}}, {"model": "admin.logentry", "pk": 202, "fields": {"action_time": "2021-05-10T10:45:16.869", "user": 1, "content_type": 8, "object_id": "265", "object_repr": "10.00 kwh on 2021-05-06 14:42:11.517857 LED Light", "action_flag": 3, "change_message": ""}}, {"model": "admin.logentry", "pk": 203, "fields": {"action_time": "2021-05-10T10:45:16.871", "user": 1, "content_type": 8, "object_id": "264", "object_repr": "10.00 kwh on 2021-05-06 14:40:53.038690 LED Light", "action_flag": 3, "change_message": ""}}, {"model": "admin.logentry", "pk": 204, "fields": {"action_time": "2021-05-10T10:45:16.874", "user": 1, "content_type": 8, "object_id": "263", "object_repr": "10.00 kwh on 2021-05-06 14:38:00.269318 LED Light", "action_flag": 3, "change_message": ""}}, {"model": "admin.logentry", "pk": 205, "fields": {"action_time": "2021-05-10T10:45:16.880", "user": 1, "content_type": 8, "object_id": "262", "object_repr": "10.00 kwh on 2021-05-06 14:36:05.770090 LED Light", "action_flag": 3, "change_message": ""}}, {"model": "admin.logentry", "pk": 206, "fields": {"action_time": "2021-05-10T10:45:16.882", "user": 1, "content_type": 8, "object_id": "261", "object_repr": "10.00 kwh on 2021-05-06 14:35:22.571775 LED Light", "action_flag": 3, "change_message": ""}}, {"model": "admin.logentry", "pk": 207, "fields": {"action_time": "2021-05-10T10:45:16.885", "user": 1, "content_type": 8, "object_id": "260", "object_repr": "10.00 kwh on 2021-05-06 14:35:01.075405 LED Light", "action_flag": 3, "change_message": ""}}, {"model": "admin.logentry", "pk": 208, "fields": {"action_time": "2021-05-10T10:45:16.890", "user": 1, "content_type": 8, "object_id": "259", "object_repr": "10.00 kwh on 2021-05-06 14:34:58.470048 LED Light", "action_flag": 3, "change_message": ""}}, {"model": "admin.logentry", "pk": 209, "fields": {"action_time": "2021-05-10T10:45:16.892", "user": 1, "content_type": 8, "object_id": "258", "object_repr": "10.00 kwh on 2021-05-06 14:29:32.437910 LED Light", "action_flag": 3, "change_message": ""}}, {"model": "admin.logentry", "pk": 210, "fields": {"action_time": "2021-05-10T10:45:16.894", "user": 1, "content_type": 8, "object_id": "256", "object_repr": "10.00 kwh on 2021-05-06 14:22:18.168865 LED Light", "action_flag": 3, "change_message": ""}}, {"model": "admin.logentry", "pk": 211, "fields": {"action_time": "2021-05-10T10:45:16.896", "user": 1, "content_type": 8, "object_id": "254", "object_repr": "10.00 kwh on 2021-05-06 14:20:23.696844 LED Light", "action_flag": 3, "change_message": ""}}, {"model": "admin.logentry", "pk": 212, "fields": {"action_time": "2021-05-10T10:45:16.898", "user": 1, "content_type": 8, "object_id": "253", "object_repr": "10.00 kwh on 2021-05-05 16:53:54.520784 LED Light", "action_flag": 3, "change_message": ""}}, {"model": "admin.logentry", "pk": 213, "fields": {"action_time": "2021-05-10T10:45:16.900", "user": 1, "content_type": 8, "object_id": "252", "object_repr": "10.00 kwh on 2021-05-05 14:07:02.950108 LED Light", "action_flag": 3, "change_message": ""}}, {"model": "admin.logentry", "pk": 214, "fields": {"action_time": "2021-05-10T10:45:16.902", "user": 1, "content_type": 8, "object_id": "251", "object_repr": "10.00 kwh on 2021-05-05 14:06:44.819577 LED Light", "action_flag": 3, "change_message": ""}}, {"model": "admin.logentry", "pk": 215, "fields": {"action_time": "2021-05-10T10:45:16.905", "user": 1, "content_type": 8, "object_id": "250", "object_repr": "10.00 kwh on 2021-05-05 14:05:58.888639 LED Light", "action_flag": 3, "change_message": ""}}, {"model": "admin.logentry", "pk": 216, "fields": {"action_time": "2021-05-10T10:45:16.907", "user": 1, "content_type": 8, "object_id": "249", "object_repr": "10.00 kwh on 2021-05-05 11:31:31.754627 LED Light", "action_flag": 3, "change_message": ""}}, {"model": "admin.logentry", "pk": 217, "fields": {"action_time": "2021-05-10T10:45:16.910", "user": 1, "content_type": 8, "object_id": "248", "object_repr": "10.00 kwh on 2021-05-05 10:57:18.951046 LED Light", "action_flag": 3, "change_message": ""}}, {"model": "admin.logentry", "pk": 218, "fields": {"action_time": "2021-05-10T10:45:16.912", "user": 1, "content_type": 8, "object_id": "247", "object_repr": "10.00 kwh on 2021-05-05 10:50:18.373030 LED Light", "action_flag": 3, "change_message": ""}}, {"model": "admin.logentry", "pk": 219, "fields": {"action_time": "2021-05-10T10:45:16.914", "user": 1, "content_type": 8, "object_id": "246", "object_repr": "10.00 kwh on 2021-05-05 10:49:59.243672 LED Light", "action_flag": 3, "change_message": ""}}, {"model": "admin.logentry", "pk": 220, "fields": {"action_time": "2021-05-10T10:45:16.916", "user": 1, "content_type": 8, "object_id": "245", "object_repr": "10.00 kwh on 2021-05-05 10:45:16.030596 LED Light", "action_flag": 3, "change_message": ""}}, {"model": "admin.logentry", "pk": 221, "fields": {"action_time": "2021-05-10T10:45:16.918", "user": 1, "content_type": 8, "object_id": "244", "object_repr": "10.00 kwh on 2021-05-05 10:44:17.249411 LED Light", "action_flag": 3, "change_message": ""}}, {"model": "admin.logentry", "pk": 222, "fields": {"action_time": "2021-05-10T10:45:16.921", "user": 1, "content_type": 8, "object_id": "243", "object_repr": "800.00 kwh on 2021-05-05 10:38:50.522035 Microwave", "action_flag": 3, "change_message": ""}}, {"model": "admin.logentry", "pk": 223, "fields": {"action_time": "2021-05-10T10:45:16.923", "user": 1, "content_type": 8, "object_id": "242", "object_repr": "10.00 kwh on 2021-05-05 10:16:26.601351 LED Light", "action_flag": 3, "change_message": ""}}, {"model": "admin.logentry", "pk": 224, "fields": {"action_time": "2021-05-10T10:45:16.926", "user": 1, "content_type": 8, "object_id": "241", "object_repr": "10.00 kwh on 2021-05-04 19:07:25.873480 LED Light", "action_flag": 3, "change_message": ""}}, {"model": "admin.logentry", "pk": 225, "fields": {"action_time": "2021-05-10T10:45:16.928", "user": 1, "content_type": 8, "object_id": "238", "object_repr": "10.00 kwh on 2021-05-04 18:05:09.793285 LED Light", "action_flag": 3, "change_message": ""}}, {"model": "admin.logentry", "pk": 226, "fields": {"action_time": "2021-05-10T10:45:16.930", "user": 1, "content_type": 8, "object_id": "235", "object_repr": "100.00 kwh on 2021-05-04 17:47:56.064336 LED Light", "action_flag": 3, "change_message": ""}}, {"model": "admin.logentry", "pk": 227, "fields": {"action_time": "2021-05-10T10:45:16.932", "user": 1, "content_type": 8, "object_id": "232", "object_repr": "13500.00 kwh on 2021-05-04 12:15:13.415850 Dryer", "action_flag": 3, "change_message": ""}}, {"model": "admin.logentry", "pk": 228, "fields": {"action_time": "2021-05-10T10:45:16.934", "user": 1, "content_type": 8, "object_id": "231", "object_repr": "15.00 kwh on 2021-05-04 12:15:13.411236 LED Light", "action_flag": 3, "change_message": ""}}, {"model": "admin.logentry", "pk": 229, "fields": {"action_time": "2021-05-10T10:45:16.936", "user": 1, "content_type": 8, "object_id": "230", "object_repr": "15.00 kwh on 2021-05-04 12:15:13.407087 LED Light", "action_flag": 3, "change_message": ""}}, {"model": "admin.logentry", "pk": 230, "fields": {"action_time": "2021-05-10T10:45:16.939", "user": 1, "content_type": 8, "object_id": "229", "object_repr": "360.00 kwh on 2021-05-04 12:15:13.401555 TV LED 70\"", "action_flag": 3, "change_message": ""}}, {"model": "admin.logentry", "pk": 231, "fields": {"action_time": "2021-05-10T10:45:16.941", "user": 1, "content_type": 8, "object_id": "228", "object_repr": "3000.00 kwh on 2021-05-04 12:15:13.395475 Dehumidifier", "action_flag": 3, "change_message": ""}}, {"model": "admin.logentry", "pk": 232, "fields": {"action_time": "2021-05-10T10:45:16.943", "user": 1, "content_type": 8, "object_id": "227", "object_repr": "9000.00 kwh on 2021-05-04 12:15:13.389730 Dryer", "action_flag": 3, "change_message": ""}}, {"model": "admin.logentry", "pk": 233, "fields": {"action_time": "2021-05-10T10:45:16.945", "user": 1, "content_type": 8, "object_id": "226", "object_repr": "3000.00 kwh on 2021-05-04 12:15:13.385501 Dishwasher", "action_flag": 3, "change_message": ""}}, {"model": "admin.logentry", "pk": 234, "fields": {"action_time": "2021-05-10T10:45:16.948", "user": 1, "content_type": 8, "object_id": "225", "object_repr": "9000.00 kwh on 2021-05-04 12:15:13.378245 Dryer", "action_flag": 3, "change_message": ""}}, {"model": "admin.logentry", "pk": 235, "fields": {"action_time": "2021-05-10T10:45:16.950", "user": 1, "content_type": 8, "object_id": "224", "object_repr": "10.00 kwh on 2021-05-04 12:15:13.373564 LED Light", "action_flag": 3, "change_message": ""}}, {"model": "admin.logentry", "pk": 236, "fields": {"action_time": "2021-05-10T10:45:16.952", "user": 1, "content_type": 8, "object_id": "223", "object_repr": "30.00 kwh on 2021-05-04 12:15:13.369342 Laptop Computer", "action_flag": 3, "change_message": ""}}, {"model": "admin.logentry", "pk": 237, "fields": {"action_time": "2021-05-10T10:45:16.956", "user": 1, "content_type": 8, "object_id": "222", "object_repr": "60.00 kwh on 2021-05-04 12:15:13.359495 Desktop Computer", "action_flag": 3, "change_message": ""}}, {"model": "admin.logentry", "pk": 238, "fields": {"action_time": "2021-05-10T10:45:16.961", "user": 1, "content_type": 8, "object_id": "221", "object_repr": "1000.00 kwh on 2021-05-04 12:15:13.355137 Hob Cooker Induction", "action_flag": 3, "change_message": ""}}, {"model": "admin.logentry", "pk": 239, "fields": {"action_time": "2021-05-10T10:45:16.964", "user": 1, "content_type": 8, "object_id": "220", "object_repr": "1500.00 kwh on 2021-05-04 12:15:13.350823 Dehumidifier", "action_flag": 3, "change_message": ""}}, {"model": "admin.logentry", "pk": 240, "fields": {"action_time": "2021-05-10T10:45:16.966", "user": 1, "content_type": 8, "object_id": "219", "object_repr": "13500.00 kwh on 2021-05-04 12:15:13.346012 Dryer", "action_flag": 3, "change_message": ""}}, {"model": "admin.logentry", "pk": 241, "fields": {"action_time": "2021-05-10T10:45:16.968", "user": 1, "content_type": 8, "object_id": "218", "object_repr": "1000.00 kwh on 2021-05-04 12:15:13.341467 Washing Machine", "action_flag": 3, "change_message": ""}}, {"model": "admin.logentry", "pk": 242, "fields": {"action_time": "2021-05-10T10:45:16.970", "user": 1, "content_type": 8, "object_id": "217", "object_repr": "160.00 kwh on 2021-05-04 12:15:13.336412 Kettle", "action_flag": 3, "change_message": ""}}, {"model": "admin.logentry", "pk": 243, "fields": {"action_time": "2021-05-10T10:45:16.972", "user": 1, "content_type": 8, "object_id": "216", "object_repr": "3000.00 kwh on 2021-05-04 12:15:13.331250 Washing Machine", "action_flag": 3, "change_message": ""}}, {"model": "admin.logentry", "pk": 244, "fields": {"action_time": "2021-05-10T10:45:16.988", "user": 1, "content_type": 8, "object_id": "215", "object_repr": "480.00 kwh on 2021-05-04 12:15:13.326558 Kettle", "action_flag": 3, "change_message": ""}}, {"model": "admin.logentry", "pk": 245, "fields": {"action_time": "2021-05-10T10:45:16.990", "user": 1, "content_type": 8, "object_id": "214", "object_repr": "37.50 kwh on 2021-05-04 12:15:13.322789 Toaster", "action_flag": 3, "change_message": ""}}, {"model": "admin.logentry", "pk": 246, "fields": {"action_time": "2021-05-10T10:45:16.992", "user": 1, "content_type": 8, "object_id": "212", "object_repr": "3000.00 kwh on 2021-05-04 12:15:13.311773 Dehumidifier", "action_flag": 3, "change_message": ""}}, {"model": "admin.logentry", "pk": 247, "fields": {"action_time": "2021-05-10T10:45:16.994", "user": 1, "content_type": 8, "object_id": "210", "object_repr": "112.50 kwh on 2021-05-04 12:15:13.301738 Toaster", "action_flag": 3, "change_message": ""}}, {"model": "admin.logentry", "pk": 248, "fields": {"action_time": "2021-05-10T10:45:16.999", "user": 1, "content_type": 8, "object_id": "209", "object_repr": "60.00 kwh on 2021-05-04 12:15:13.298057 Laptop Computer", "action_flag": 3, "change_message": ""}}, {"model": "admin.logentry", "pk": 249, "fields": {"action_time": "2021-05-10T10:45:17.001", "user": 1, "content_type": 8, "object_id": "208", "object_repr": "180.00 kwh on 2021-05-04 12:15:13.290898 Desktop Computer", "action_flag": 3, "change_message": ""}}, {"model": "admin.logentry", "pk": 250, "fields": {"action_time": "2021-05-10T10:45:17.003", "user": 1, "content_type": 8, "object_id": "207", "object_repr": "3600.00 kwh on 2021-05-04 12:15:13.285931 Oven", "action_flag": 3, "change_message": ""}}, {"model": "admin.logentry", "pk": 251, "fields": {"action_time": "2021-05-10T10:45:17.006", "user": 1, "content_type": 8, "object_id": "206", "object_repr": "500.00 kwh on 2021-05-04 12:15:13.281842 Hob Cooker Induction", "action_flag": 3, "change_message": ""}}, {"model": "admin.logentry", "pk": 252, "fields": {"action_time": "2021-05-10T10:45:17.009", "user": 1, "content_type": 8, "object_id": "205", "object_repr": "4500.00 kwh on 2021-05-04 12:15:13.276831 Dishwasher", "action_flag": 3, "change_message": ""}}, {"model": "admin.logentry", "pk": 253, "fields": {"action_time": "2021-05-10T10:45:17.011", "user": 1, "content_type": 8, "object_id": "204", "object_repr": "75.00 kwh on 2021-05-04 12:15:13.271240 Toaster", "action_flag": 3, "change_message": ""}}, {"model": "admin.logentry", "pk": 254, "fields": {"action_time": "2021-05-10T10:45:17.013", "user": 1, "content_type": 8, "object_id": "203", "object_repr": "320.00 kwh on 2021-05-04 12:15:13.267371 Kettle", "action_flag": 3, "change_message": ""}}, {"model": "admin.logentry", "pk": 255, "fields": {"action_time": "2021-05-10T10:45:17.015", "user": 1, "content_type": 8, "object_id": "202", "object_repr": "75.00 kwh on 2021-05-04 12:15:13.262848 Toaster", "action_flag": 3, "change_message": ""}}, {"model": "admin.logentry", "pk": 256, "fields": {"action_time": "2021-05-10T10:45:17.018", "user": 1, "content_type": 8, "object_id": "201", "object_repr": "90.00 kwh on 2021-05-04 12:15:13.257264 Laptop Computer", "action_flag": 3, "change_message": ""}}, {"model": "admin.logentry", "pk": 257, "fields": {"action_time": "2021-05-10T10:45:17.020", "user": 1, "content_type": 8, "object_id": "200", "object_repr": "1500.00 kwh on 2021-05-04 12:15:13.250630 Hob Cooker Induction", "action_flag": 3, "change_message": ""}}, {"model": "admin.logentry", "pk": 258, "fields": {"action_time": "2021-05-10T10:45:17.023", "user": 1, "content_type": 8, "object_id": "199", "object_repr": "320.00 kwh on 2021-05-04 12:15:13.245678 Kettle", "action_flag": 3, "change_message": ""}}, {"model": "admin.logentry", "pk": 259, "fields": {"action_time": "2021-05-10T10:45:17.026", "user": 1, "content_type": 8, "object_id": "198", "object_repr": "13500.00 kwh on 2021-05-04 12:15:13.238974 Dryer", "action_flag": 3, "change_message": ""}}, {"model": "admin.logentry", "pk": 260, "fields": {"action_time": "2021-05-10T10:45:17.029", "user": 1, "content_type": 8, "object_id": "197", "object_repr": "5.00 kwh on 2021-05-04 12:15:13.235163 LED Light", "action_flag": 3, "change_message": ""}}, {"model": "admin.logentry", "pk": 261, "fields": {"action_time": "2021-05-10T10:45:17.032", "user": 1, "content_type": 8, "object_id": "196", "object_repr": "1500.00 kwh on 2021-05-04 12:15:13.230954 Dishwasher", "action_flag": 3, "change_message": ""}}, {"model": "admin.logentry", "pk": 262, "fields": {"action_time": "2021-05-10T10:45:17.034", "user": 1, "content_type": 8, "object_id": "195", "object_repr": "1500.00 kwh on 2021-05-04 12:15:13.226960 Dehumidifier", "action_flag": 3, "change_message": ""}}, {"model": "admin.logentry", "pk": 263, "fields": {"action_time": "2021-05-10T10:45:17.037", "user": 1, "content_type": 8, "object_id": "194", "object_repr": "3000.00 kwh on 2021-05-04 12:15:13.221545 Dishwasher", "action_flag": 3, "change_message": ""}}, {"model": "admin.logentry", "pk": 264, "fields": {"action_time": "2021-05-10T10:45:17.040", "user": 1, "content_type": 8, "object_id": "193", "object_repr": "13500.00 kwh on 2021-05-04 12:15:13.217467 Dryer", "action_flag": 3, "change_message": ""}}, {"model": "admin.logentry", "pk": 265, "fields": {"action_time": "2021-05-10T10:45:17.044", "user": 1, "content_type": 8, "object_id": "192", "object_repr": "160.00 kwh on 2021-05-04 12:15:13.213297 Kettle", "action_flag": 3, "change_message": ""}}, {"model": "admin.logentry", "pk": 266, "fields": {"action_time": "2021-05-10T10:45:17.047", "user": 1, "content_type": 8, "object_id": "191", "object_repr": "3000.00 kwh on 2021-05-04 12:15:13.208995 Washing Machine", "action_flag": 3, "change_message": ""}}, {"model": "admin.logentry", "pk": 267, "fields": {"action_time": "2021-05-10T10:45:17.053", "user": 1, "content_type": 8, "object_id": "190", "object_repr": "540.00 kwh on 2021-05-04 12:15:13.203598 TV LED 70\"", "action_flag": 3, "change_message": ""}}, {"model": "admin.logentry", "pk": 268, "fields": {"action_time": "2021-05-10T10:45:17.056", "user": 1, "content_type": 8, "object_id": "189", "object_repr": "540.00 kwh on 2021-05-04 12:15:13.198214 TV LED 70\"", "action_flag": 3, "change_message": ""}}, {"model": "admin.logentry", "pk": 269, "fields": {"action_time": "2021-05-10T10:45:17.058", "user": 1, "content_type": 8, "object_id": "188", "object_repr": "2000.00 kwh on 2021-05-04 12:15:13.193794 Washing Machine", "action_flag": 3, "change_message": ""}}, {"model": "admin.logentry", "pk": 270, "fields": {"action_time": "2021-05-10T10:45:17.061", "user": 1, "content_type": 8, "object_id": "186", "object_repr": "37.50 kwh on 2021-05-04 12:15:13.184756 Toaster", "action_flag": 3, "change_message": ""}}, {"model": "admin.logentry", "pk": 271, "fields": {"action_time": "2021-05-10T10:45:17.065", "user": 1, "content_type": 8, "object_id": "185", "object_repr": "1500.00 kwh on 2021-05-04 12:15:13.179176 Dehumidifier", "action_flag": 3, "change_message": ""}}, {"model": "admin.logentry", "pk": 272, "fields": {"action_time": "2021-05-10T10:45:17.067", "user": 1, "content_type": 8, "object_id": "184", "object_repr": "15.00 kwh on 2021-05-04 12:15:13.172468 LED Light", "action_flag": 3, "change_message": ""}}, {"model": "admin.logentry", "pk": 273, "fields": {"action_time": "2021-05-10T10:45:17.070", "user": 1, "content_type": 8, "object_id": "183", "object_repr": "1500.00 kwh on 2021-05-04 12:15:13.168484 Dehumidifier", "action_flag": 3, "change_message": ""}}, {"model": "admin.logentry", "pk": 274, "fields": {"action_time": "2021-05-10T10:45:17.072", "user": 1, "content_type": 8, "object_id": "182", "object_repr": "1000.00 kwh on 2021-05-04 12:15:13.163613 Washing Machine", "action_flag": 3, "change_message": ""}}, {"model": "admin.logentry", "pk": 275, "fields": {"action_time": "2021-05-10T10:45:17.075", "user": 1, "content_type": 8, "object_id": "181", "object_repr": "66.67 kwh on 2021-05-04 12:15:13.160010 Microwave", "action_flag": 3, "change_message": ""}}, {"model": "admin.logentry", "pk": 276, "fields": {"action_time": "2021-05-10T10:45:17.077", "user": 1, "content_type": 8, "object_id": "180", "object_repr": "4500.00 kwh on 2021-05-04 12:15:13.155147 Dehumidifier", "action_flag": 3, "change_message": ""}}, {"model": "admin.logentry", "pk": 277, "fields": {"action_time": "2021-05-10T10:45:17.081", "user": 1, "content_type": 8, "object_id": "179", "object_repr": "4500.00 kwh on 2021-05-04 12:15:13.151235 Dryer", "action_flag": 3, "change_message": ""}}, {"model": "admin.logentry", "pk": 278, "fields": {"action_time": "2021-05-10T10:45:17.083", "user": 1, "content_type": 8, "object_id": "178", "object_repr": "3000.00 kwh on 2021-05-04 12:15:13.144216 Dehumidifier", "action_flag": 3, "change_message": ""}}, {"model": "admin.logentry", "pk": 279, "fields": {"action_time": "2021-05-10T10:45:17.085", "user": 1, "content_type": 8, "object_id": "177", "object_repr": "112.50 kwh on 2021-05-04 12:15:13.140237 Toaster", "action_flag": 3, "change_message": ""}}, {"model": "admin.logentry", "pk": 280, "fields": {"action_time": "2021-05-10T10:45:17.087", "user": 1, "content_type": 8, "object_id": "176", "object_repr": "120.00 kwh on 2021-05-04 12:15:13.134855 Desktop Computer", "action_flag": 3, "change_message": ""}}, {"model": "admin.logentry", "pk": 281, "fields": {"action_time": "2021-05-10T10:45:17.090", "user": 1, "content_type": 8, "object_id": "175", "object_repr": "30.00 kwh on 2021-05-04 12:15:13.129404 Laptop Computer", "action_flag": 3, "change_message": ""}}, {"model": "admin.logentry", "pk": 282, "fields": {"action_time": "2021-05-10T10:45:17.092", "user": 1, "content_type": 8, "object_id": "174", "object_repr": "2400.00 kwh on 2021-05-04 12:15:13.124389 Oven", "action_flag": 3, "change_message": ""}}, {"model": "admin.logentry", "pk": 283, "fields": {"action_time": "2021-05-10T10:45:17.094", "user": 1, "content_type": 8, "object_id": "173", "object_repr": "180.00 kwh on 2021-05-04 12:15:13.119029 TV LED 70\"", "action_flag": 3, "change_message": ""}}, {"model": "admin.logentry", "pk": 284, "fields": {"action_time": "2021-05-10T10:45:17.097", "user": 1, "content_type": 8, "object_id": "172", "object_repr": "112.50 kwh on 2021-05-04 12:15:13.113003 Toaster", "action_flag": 3, "change_message": ""}}, {"model": "admin.logentry", "pk": 285, "fields": {"action_time": "2021-05-10T10:45:17.098", "user": 1, "content_type": 8, "object_id": "171", "object_repr": "112.50 kwh on 2021-05-04 12:15:13.108248 Toaster", "action_flag": 3, "change_message": ""}}, {"model": "admin.logentry", "pk": 286, "fields": {"action_time": "2021-05-10T10:45:17.100", "user": 1, "content_type": 8, "object_id": "170", "object_repr": "360.00 kwh on 2021-05-04 12:15:13.101940 TV LED 70\"", "action_flag": 3, "change_message": ""}}, {"model": "admin.logentry", "pk": 287, "fields": {"action_time": "2021-05-10T10:45:17.127", "user": 1, "content_type": 8, "object_id": "169", "object_repr": "1000.00 kwh on 2021-05-04 12:15:13.095305 Washing Machine", "action_flag": 3, "change_message": ""}}, {"model": "admin.logentry", "pk": 288, "fields": {"action_time": "2021-05-10T10:45:17.131", "user": 1, "content_type": 8, "object_id": "168", "object_repr": "5.00 kwh on 2021-05-04 12:15:13.090536 LED Light", "action_flag": 3, "change_message": ""}}, {"model": "admin.logentry", "pk": 289, "fields": {"action_time": "2021-05-10T10:45:17.133", "user": 1, "content_type": 8, "object_id": "167", "object_repr": "500.00 kwh on 2021-05-04 12:15:13.085136 Hob Cooker Induction", "action_flag": 3, "change_message": ""}}, {"model": "admin.logentry", "pk": 290, "fields": {"action_time": "2021-05-10T10:45:17.135", "user": 1, "content_type": 8, "object_id": "166", "object_repr": "180.00 kwh on 2021-05-04 12:15:13.080257 TV LED 70\"", "action_flag": 3, "change_message": ""}}, {"model": "admin.logentry", "pk": 291, "fields": {"action_time": "2021-05-10T10:45:17.137", "user": 1, "content_type": 8, "object_id": "165", "object_repr": "30.00 kwh on 2021-05-04 12:15:13.075720 Laptop Computer", "action_flag": 3, "change_message": ""}}, {"model": "admin.logentry", "pk": 292, "fields": {"action_time": "2021-05-10T10:45:17.139", "user": 1, "content_type": 8, "object_id": "164", "object_repr": "4500.00 kwh on 2021-05-04 12:15:13.069035 Dehumidifier", "action_flag": 3, "change_message": ""}}, {"model": "admin.logentry", "pk": 293, "fields": {"action_time": "2021-05-10T10:45:17.142", "user": 1, "content_type": 8, "object_id": "163", "object_repr": "1500.00 kwh on 2021-05-04 12:15:13.063322 Dishwasher", "action_flag": 3, "change_message": ""}}, {"model": "admin.logentry", "pk": 294, "fields": {"action_time": "2021-05-10T10:45:17.144", "user": 1, "content_type": 8, "object_id": "162", "object_repr": "1500.00 kwh on 2021-05-04 12:15:13.059062 Hob Cooker Induction", "action_flag": 3, "change_message": ""}}, {"model": "admin.logentry", "pk": 295, "fields": {"action_time": "2021-05-10T10:45:17.146", "user": 1, "content_type": 8, "object_id": "161", "object_repr": "320.00 kwh on 2021-05-04 12:15:13.053766 Kettle", "action_flag": 3, "change_message": ""}}, {"model": "admin.logentry", "pk": 296, "fields": {"action_time": "2021-05-10T10:45:17.149", "user": 1, "content_type": 8, "object_id": "160", "object_repr": "60.00 kwh on 2021-05-04 12:15:13.048950 Laptop Computer", "action_flag": 3, "change_message": ""}}, {"model": "admin.logentry", "pk": 297, "fields": {"action_time": "2021-05-10T10:45:17.151", "user": 1, "content_type": 8, "object_id": "159", "object_repr": "3000.00 kwh on 2021-05-04 12:15:13.043208 Dishwasher", "action_flag": 3, "change_message": ""}}, {"model": "admin.logentry", "pk": 298, "fields": {"action_time": "2021-05-10T10:45:17.157", "user": 1, "content_type": 8, "object_id": "158", "object_repr": "1000.00 kwh on 2021-05-04 12:15:13.036210 Washing Machine", "action_flag": 3, "change_message": ""}}, {"model": "admin.logentry", "pk": 299, "fields": {"action_time": "2021-05-10T10:45:17.165", "user": 1, "content_type": 8, "object_id": "157", "object_repr": "120.00 kwh on 2021-05-04 12:15:13.031165 Desktop Computer", "action_flag": 3, "change_message": ""}}, {"model": "admin.logentry", "pk": 300, "fields": {"action_time": "2021-05-10T10:45:17.168", "user": 1, "content_type": 8, "object_id": "156", "object_repr": "4500.00 kwh on 2021-05-04 12:15:13.024585 Dishwasher", "action_flag": 3, "change_message": ""}}, {"model": "admin.logentry", "pk": 301, "fields": {"action_time": "2021-05-10T10:45:17.170", "user": 1, "content_type": 8, "object_id": "155", "object_repr": "180.00 kwh on 2021-05-04 12:15:13.017908 Desktop Computer", "action_flag": 3, "change_message": ""}}, {"model": "admin.logentry", "pk": 302, "fields": {"action_time": "2021-05-10T10:45:17.173", "user": 1, "content_type": 8, "object_id": "154", "object_repr": "180.00 kwh on 2021-05-04 12:15:13.012671 TV LED 70\"", "action_flag": 3, "change_message": ""}}, {"model": "admin.logentry", "pk": 303, "fields": {"action_time": "2021-05-10T10:45:17.176", "user": 1, "content_type": 8, "object_id": "153", "object_repr": "10.00 kwh on 2021-05-04 12:15:13.003520 LED Light", "action_flag": 3, "change_message": ""}}, {"model": "admin.logentry", "pk": 304, "fields": {"action_time": "2021-05-10T10:45:17.178", "user": 1, "content_type": 8, "object_id": "152", "object_repr": "4500.00 kwh on 2021-05-04 12:15:12.999766 Dishwasher", "action_flag": 3, "change_message": ""}}, {"model": "admin.logentry", "pk": 305, "fields": {"action_time": "2021-05-10T10:45:17.196", "user": 1, "content_type": 8, "object_id": "151", "object_repr": "3000.00 kwh on 2021-05-04 12:15:12.995725 Dehumidifier", "action_flag": 3, "change_message": ""}}, {"model": "admin.logentry", "pk": 306, "fields": {"action_time": "2021-05-10T10:45:17.198", "user": 1, "content_type": 8, "object_id": "150", "object_repr": "37.50 kwh on 2021-05-04 12:15:12.991618 Toaster", "action_flag": 3, "change_message": ""}}, {"model": "admin.logentry", "pk": 307, "fields": {"action_time": "2021-05-10T10:45:17.200", "user": 1, "content_type": 8, "object_id": "149", "object_repr": "1000.00 kwh on 2021-05-04 12:15:12.987120 Hob Cooker Induction", "action_flag": 3, "change_message": ""}}, {"model": "admin.logentry", "pk": 308, "fields": {"action_time": "2021-05-10T10:45:17.202", "user": 1, "content_type": 8, "object_id": "148", "object_repr": "2000.00 kwh on 2021-05-04 12:15:12.982205 Washing Machine", "action_flag": 3, "change_message": ""}}, {"model": "admin.logentry", "pk": 309, "fields": {"action_time": "2021-05-10T10:45:17.205", "user": 1, "content_type": 8, "object_id": "147", "object_repr": "15.00 kwh on 2021-05-04 12:15:12.977192 LED Light", "action_flag": 3, "change_message": ""}}, {"model": "admin.logentry", "pk": 310, "fields": {"action_time": "2021-05-10T10:45:17.207", "user": 1, "content_type": 8, "object_id": "146", "object_repr": "180.00 kwh on 2021-05-04 12:15:12.972726 TV LED 70\"", "action_flag": 3, "change_message": ""}}, {"model": "admin.logentry", "pk": 311, "fields": {"action_time": "2021-05-10T10:45:17.209", "user": 1, "content_type": 8, "object_id": "145", "object_repr": "4500.00 kwh on 2021-05-04 12:15:12.968831 Dryer", "action_flag": 3, "change_message": ""}}, {"model": "admin.logentry", "pk": 312, "fields": {"action_time": "2021-05-10T10:45:17.211", "user": 1, "content_type": 8, "object_id": "144", "object_repr": "13500.00 kwh on 2021-05-04 12:15:12.963791 Dryer", "action_flag": 3, "change_message": ""}}, {"model": "admin.logentry", "pk": 313, "fields": {"action_time": "2021-05-10T10:45:17.213", "user": 1, "content_type": 8, "object_id": "143", "object_repr": "1000.00 kwh on 2021-05-04 12:15:12.959694 Washing Machine", "action_flag": 3, "change_message": ""}}, {"model": "admin.logentry", "pk": 314, "fields": {"action_time": "2021-05-10T10:45:17.215", "user": 1, "content_type": 8, "object_id": "142", "object_repr": "1500.00 kwh on 2021-05-04 12:15:12.954469 Hob Cooker Induction", "action_flag": 3, "change_message": ""}}, {"model": "admin.logentry", "pk": 315, "fields": {"action_time": "2021-05-10T10:45:17.218", "user": 1, "content_type": 8, "object_id": "141", "object_repr": "180.00 kwh on 2021-05-04 12:15:12.949706 TV LED 70\"", "action_flag": 3, "change_message": ""}}, {"model": "admin.logentry", "pk": 316, "fields": {"action_time": "2021-05-10T10:45:17.222", "user": 1, "content_type": 8, "object_id": "140", "object_repr": "1000.00 kwh on 2021-05-04 12:15:12.941512 Washing Machine", "action_flag": 3, "change_message": ""}}, {"model": "admin.logentry", "pk": 317, "fields": {"action_time": "2021-05-10T10:45:17.225", "user": 1, "content_type": 8, "object_id": "139", "object_repr": "1000.00 kwh on 2021-05-04 12:15:12.934113 Washing Machine", "action_flag": 3, "change_message": ""}}, {"model": "admin.logentry", "pk": 318, "fields": {"action_time": "2021-05-10T10:45:17.229", "user": 1, "content_type": 8, "object_id": "138", "object_repr": "1200.00 kwh on 2021-05-04 12:15:12.926565 Oven", "action_flag": 3, "change_message": ""}}, {"model": "admin.logentry", "pk": 319, "fields": {"action_time": "2021-05-10T10:45:17.234", "user": 1, "content_type": 8, "object_id": "137", "object_repr": "200.00 kwh on 2021-05-04 12:15:12.918212 Microwave", "action_flag": 3, "change_message": ""}}, {"model": "admin.logentry", "pk": 320, "fields": {"action_time": "2021-05-10T10:45:17.237", "user": 1, "content_type": 8, "object_id": "136", "object_repr": "60.00 kwh on 2021-05-04 12:15:12.909765 Laptop Computer", "action_flag": 3, "change_message": ""}}, {"model": "admin.logentry", "pk": 321, "fields": {"action_time": "2021-05-10T10:45:17.241", "user": 1, "content_type": 8, "object_id": "135", "object_repr": "160.00 kwh on 2021-05-04 12:15:12.903841 Kettle", "action_flag": 3, "change_message": ""}}, {"model": "admin.logentry", "pk": 322, "fields": {"action_time": "2021-05-10T10:45:17.245", "user": 1, "content_type": 8, "object_id": "134", "object_repr": "1200.00 kwh on 2021-05-04 12:15:12.890736 Oven", "action_flag": 3, "change_message": ""}}, {"model": "admin.logentry", "pk": 323, "fields": {"action_time": "2021-05-10T10:45:17.249", "user": 1, "content_type": 8, "object_id": "133", "object_repr": "1500.00 kwh on 2021-05-04 12:15:12.883218 Hob Cooker Induction", "action_flag": 3, "change_message": ""}}, {"model": "auth.permission", "pk": 1, "fields": {"name": "Can add log entry", "content_type": 1, "codename": "add_logentry"}}, {"model": "auth.permission", "pk": 2, "fields": {"name": "Can change log entry", "content_type": 1, "codename": "change_logentry"}}, {"model": "auth.permission", "pk": 3, "fields": {"name": "Can delete log entry", "content_type": 1, "codename": "delete_logentry"}}, {"model": "auth.permission", "pk": 4, "fields": {"name": "Can view log entry", "content_type": 1, "codename": "view_logentry"}}, {"model": "auth.permission", "pk": 5, "fields": {"name": "Can add permission", "content_type": 2, "codename": "add_permission"}}, {"model": "auth.permission", "pk": 6, "fields": {"name": "Can change permission", "content_type": 2, "codename": "change_permission"}}, {"model": "auth.permission", "pk": 7, "fields": {"name": "Can delete permission", "content_type": 2, "codename": "delete_permission"}}, {"model": "auth.permission", "pk": 8, "fields": {"name": "Can view permission", "content_type": 2, "codename": "view_permission"}}, {"model": "auth.permission", "pk": 9, "fields": {"name": "Can add group", "content_type": 3, "codename": "add_group"}}, {"model": "auth.permission", "pk": 10, "fields": {"name": "Can change group", "content_type": 3, "codename": "change_group"}}, {"model": "auth.permission", "pk": 11, "fields": {"name": "Can delete group", "content_type": 3, "codename": "delete_group"}}, {"model": "auth.permission", "pk": 12, "fields": {"name": "Can view group", "content_type": 3, "codename": "view_group"}}, {"model": "auth.permission", "pk": 13, "fields": {"name": "Can add content type", "content_type": 4, "codename": "add_contenttype"}}, {"model": "auth.permission", "pk": 14, "fields": {"name": "Can change content type", "content_type": 4, "codename": "change_contenttype"}}, {"model": "auth.permission", "pk": 15, "fields": {"name": "Can delete content type", "content_type": 4, "codename": "delete_contenttype"}}, {"model": "auth.permission", "pk": 16, "fields": {"name": "Can view content type", "content_type": 4, "codename": "view_contenttype"}}, {"model": "auth.permission", "pk": 17, "fields": {"name": "Can add session", "content_type": 5, "codename": "add_session"}}, {"model": "auth.permission", "pk": 18, "fields": {"name": "Can change session", "content_type": 5, "codename": "change_session"}}, {"model": "auth.permission", "pk": 19, "fields": {"name": "Can delete session", "content_type": 5, "codename": "delete_session"}}, {"model": "auth.permission", "pk": 20, "fields": {"name": "Can view session", "content_type": 5, "codename": "view_session"}}, {"model": "auth.permission", "pk": 21, "fields": {"name": "Can add user", "content_type": 6, "codename": "add_user"}}, {"model": "auth.permission", "pk": 22, "fields": {"name": "Can change user", "content_type": 6, "codename": "change_user"}}, {"model": "auth.permission", "pk": 23, "fields": {"name": "Can delete user", "content_type": 6, "codename": "delete_user"}}, {"model": "auth.permission", "pk": 24, "fields": {"name": "Can view user", "content_type": 6, "codename": "view_user"}}, {"model": "auth.permission", "pk": 25, "fields": {"name": "Can add appliance", "content_type": 7, "codename": "add_appliance"}}, {"model": "auth.permission", "pk": 26, "fields": {"name": "Can change appliance", "content_type": 7, "codename": "change_appliance"}}, {"model": "auth.permission", "pk": 27, "fields": {"name": "Can delete appliance", "content_type": 7, "codename": "delete_appliance"}}, {"model": "auth.permission", "pk": 28, "fields": {"name": "Can view appliance", "content_type": 7, "codename": "view_appliance"}}, {"model": "auth.permission", "pk": 29, "fields": {"name": "Can add saving", "content_type": 8, "codename": "add_saving"}}, {"model": "auth.permission", "pk": 30, "fields": {"name": "Can change saving", "content_type": 8, "codename": "change_saving"}}, {"model": "auth.permission", "pk": 31, "fields": {"name": "Can delete saving", "content_type": 8, "codename": "delete_saving"}}, {"model": "auth.permission", "pk": 32, "fields": {"name": "Can view saving", "content_type": 8, "codename": "view_saving"}}, {"model": "auth.permission", "pk": 33, "fields": {"name": "Can add cost", "content_type": 9, "codename": "add_cost"}}, {"model": "auth.permission", "pk": 34, "fields": {"name": "Can change cost", "content_type": 9, "codename": "change_cost"}}, {"model": "auth.permission", "pk": 35, "fields": {"name": "Can delete cost", "content_type": 9, "codename": "delete_cost"}}, {"model": "auth.permission", "pk": 36, "fields": {"name": "Can view cost", "content_type": 9, "codename": "view_cost"}}, {"model": "contenttypes.contenttype", "pk": 1, "fields": {"app_label": "admin", "model": "logentry"}}, {"model": "contenttypes.contenttype", "pk": 2, "fields": {"app_label": "auth", "model": "permission"}}, {"model": "contenttypes.contenttype", "pk": 3, "fields": {"app_label": "auth", "model": "group"}}, {"model": "contenttypes.contenttype", "pk": 4, "fields": {"app_label": "contenttypes", "model": "contenttype"}}, {"model": "contenttypes.contenttype", "pk": 5, "fields": {"app_label": "sessions", "model": "session"}}, {"model": "contenttypes.contenttype", "pk": 6, "fields": {"app_label": "carbonator", "model": "user"}}, {"model": "contenttypes.contenttype", "pk": 7, "fields": {"app_label": "carbonator", "model": "appliance"}}, {"model": "contenttypes.contenttype", "pk": 8, "fields": {"app_label": "carbonator", "model": "saving"}}, {"model": "contenttypes.contenttype", "pk": 9, "fields": {"app_label": "carbonator", "model": "cost"}}, {"model": "sessions.session", "pk": "09qdfs7hkysbo4plpn2z7gzweopxgqhn", "fields": {"session_data": ".eJxVjMsOwiAQRf-FtSGWNy7d-w1kGAapGkhKuzL-uzTpQrfnnHvfLMC2lrB1WsKc2IVJdvplEfBJdRfpAfXeOLa6LnPke8IP2_mtJXpdj_bvoEAvY511tBpx8gqMM-QFOJW0sIPK6CkqtNa7CdWgWZH12mSUUZ3BaJ1IsM8X4OI3xg:1lf0hD:r0l11itl162iqUELoWZQmV899S-GslSQF09r514hLjg", "expire_date": "2021-05-21T15:39:11.013"}}, {"model": "sessions.session", "pk": "0kqepchgfrlg2x183zekk618t7pxt2xe", "fields": {"session_data": ".eJxVjMsOwiAQRf-FtSEgb5fu-w1kYAapGkhKuzL-uzbpQrf3nHNfLMK21rgNWuKM7MIcO_1uCfKD2g7wDu3Wee5tXebEd4UfdPCpIz2vh_t3UGHUby2CNJSzh4ReCWWUtM4KIX0BcFgQtLKWfDL5XILyJkhlUWdypCFoY9j7A9nxN4M:1leCaZ:awffeAGjD8b1FUWqwh7u38pjhS4sZrq4uqaehc_6hsI", "expire_date": "2021-05-19T10:08:59.949"}}, {"model": "sessions.session", "pk": "1hdd16fxjn6smtmubzz6j69wml5nhisp", "fields": {"session_data": ".eJxVjMsOwiAQRf-FtSHQkUdduvcbyAwMUjWQlHZl_HfbpAvd3nPOfYuA61LC2nkOUxIXMYjT70YYn1x3kB5Y703GVpd5Irkr8qBd3lri1_Vw_w4K9rLVigF1zMzIzmTMWZvBW_KMLqMj9OYMlEgnD9aCV5C2wtA4kuUMRonPFxuxOMQ:1lbIZx:x4BtRa3u5wF2E1CeFs_-PT4SZOkMOGCt-_TxkWiK7BA", "expire_date": "2021-05-11T07:56:21.571"}}, {"model": "sessions.session", "pk": "1uce2r8bp51am2o1hwolp7qtrdus82j0", "fields": {"session_data": ".eJxVjMsOwiAQRf-FtSHQkUdduvcbyAwMUjWQlHZl_HfbpAvd3nPOfYuA61LC2nkOUxIXMYjT70YYn1x3kB5Y703GVpd5Irkr8qBd3lri1_Vw_w4K9rLVigF1zMzIzmTMWZvBW_KMLqMj9OYMlEgnD9aCV5C2wtA4kuUMRonPFxuxOMQ:1ldCo4:UAWssOtwjE6LSXktUgc0Wxe96ByjQvJBUaDlmrksHcA", "expire_date": "2021-05-16T14:10:48.927"}}, {"model": "sessions.session", "pk": "2vmcclhylpa2hflew5jhsrn35jm3s3xv", "fields": {"session_data": ".eJxVjMsOwiAQRf-FtSGWNy7d-w1kGAapGkhKuzL-uzTpQrfnnHvfLMC2lrB1WsKc2IVJdvplEfBJdRfpAfXeOLa6LnPke8IP2_mtJXpdj_bvoEAvY511tBpx8gqMM-QFOJW0sIPK6CkqtNa7CdWgWZH12mSUUZ3BaJ1IsM8X4OI3xg:1lclci:hIJlR9kQ4r-hmAycIfrnM2y9CGrAlGDfHv3P1qsEcfw", "expire_date": "2021-05-15T09:09:16.104"}}, {"model": "sessions.session", "pk": "5nazxe00gd3rn2azr1pudh0kx2wg87hu", "fields": {"session_data": ".eJxVjMsOwiAQRf-FtSHQkUdduvcbyAwMUjWQlHZl_HfbpAvd3nPOfYuA61LC2nkOUxIXMYjT70YYn1x3kB5Y703GVpd5Irkr8qBd3lri1_Vw_w4K9rLVigF1zMzIzmTMWZvBW_KMLqMj9OYMlEgnD9aCV5C2wtA4kuUMRonPFxuxOMQ:1lZZeO:J_hZXCiSr2I-DGpeUNYx0RfwVunpbNxTHSRh4jCTeKo", "expire_date": "2021-05-06T13:45:48.671"}}, {"model": "sessions.session", "pk": "6m4f7zdc2wud9oy8lts3a0cwj7j74056", "fields": {"session_data": ".eJxVjMsOwiAQRf-FtSHQkUdduvcbyAwMUjWQlHZl_HfbpAvd3nPOfYuA61LC2nkOUxIXMYjT70YYn1x3kB5Y703GVpd5Irkr8qBd3lri1_Vw_w4K9rLVigF1zMzIzmTMWZvBW_KMLqMj9OYMlEgnD9aCV5C2wtA4kuUMRonPFxuxOMQ:1laewQ:Rx7HHT2HrKSAqARmyogBiQevwFeJhM-rTfZbv3e3sKI", "expire_date": "2021-05-09T13:36:54.850"}}, {"model": "sessions.session", "pk": "94w4xzckug4t5udpmz1wn021msnicj74", "fields": {"session_data": ".eJxVjMsOwiAQRf-FtSHQkUdduvcbyAwMUjWQlHZl_HfbpAvd3nPOfYuA61LC2nkOUxIXMYjT70YYn1x3kB5Y703GVpd5Irkr8qBd3lri1_Vw_w4K9rLVigF1zMzIzmTMWZvBW_KMLqMj9OYMlEgnD9aCV5C2wtA4kuUMRonPFxuxOMQ:1lh5TS:fVgxhZR_FyiUVXNK_H7CZTjU6BdjSAYpGKVeYn8lC6g", "expire_date": "2021-05-27T09:09:34.682"}}, {"model": "sessions.session", "pk": "9g0eiwjg1jlkpwdm47tinuz68n6kfron", "fields": {"session_data": ".eJxVjDsOwjAQBe_iGln-xD9K-pwh2vUuOIBsKU4qxN0hUgpo38y8l5hgW8u0dV6mmcRZaHH63RDyg-sO6A711mRudV1mlLsiD9rl2Iifl8P9OyjQy7c2Pl3ZRMNGscnW28CosvJOJ6fQIgzoKKZAJhBpyIkHUMphYiZMLor3B9eAN_8:1ldu0m:tM8iOcWbdJETO7ZqphFt-NLQkLEkzz3pkM93apxDaXo", "expire_date": "2021-05-18T14:18:48.427"}}, {"model": "sessions.session", "pk": "9u3uibj4ywjjpd06al56muq9a5motypj", "fields": {"session_data": ".eJxVjMsOwiAQRf-FtSHQkUdduvcbyAwMUjWQlHZl_HfbpAvd3nPOfYuA61LC2nkOUxIXMYjT70YYn1x3kB5Y703GVpd5Irkr8qBd3lri1_Vw_w4K9rLVigF1zMzIzmTMWZvBW_KMLqMj9OYMlEgnD9aCV5C2wtA4kuUMRonPFxuxOMQ:1lZ9gm:-OLsBo1Zx2goq_2ILs_Ctxoefjeq1Evsj3YXVDEIguo", "expire_date": "2021-05-05T10:02:32.954"}}, {"model": "sessions.session", "pk": "9yso5d49ztsyvr6newik7ccnrjv8b7mi", "fields": {"session_data": ".eJxVjMsOwiAQRf-FtSHQkUdduvcbyAwMUjWQlHZl_HfbpAvd3nPOfYuA61LC2nkOUxIXMYjT70YYn1x3kB5Y703GVpd5Irkr8qBd3lri1_Vw_w4K9rLVigF1zMzIzmTMWZvBW_KMLqMj9OYMlEgnD9aCV5C2wtA4kuUMRonPFxuxOMQ:1laNwK:JmatNHTptj4JeqNsHs0qavNwfanbzByMUliPzeRB9uU", "expire_date": "2021-05-08T19:27:40.217"}}, {"model": "sessions.session", "pk": "cofqgfnsfj2u61oiyhzgpq4zgox9wi31", "fields": {"session_data": ".eJxVjMsOwiAQRf-FtSHQkUdduvcbyAwMUjWQlHZl_HfbpAvd3nPOfYuA61LC2nkOUxIXMYjT70YYn1x3kB5Y703GVpd5Irkr8qBd3lri1_Vw_w4K9rLVigF1zMzIzmTMWZvBW_KMLqMj9OYMlEgnD9aCV5C2wtA4kuUMRonPFxuxOMQ:1lg1Xx:8_Q7KIHiEG9dqSrD3aKUs2-F17nEd3Lthmu2GMia9RA", "expire_date": "2021-05-24T10:45:49.031"}}, {"model": "sessions.session", "pk": "k1vv4eidbmn57mgh5wgizb5144ve8dd6", "fields": {"session_data": ".eJxVjMsOwiAQRf-FtSGWNy7d-w1kGAapGkhKuzL-uzTpQrfnnHvfLMC2lrB1WsKc2IVJdvplEfBJdRfpAfXeOLa6LnPke8IP2_mtJXpdj_bvoEAvY511tBpx8gqMM-QFOJW0sIPK6CkqtNa7CdWgWZH12mSUUZ3BaJ1IsM8X4OI3xg:1lcQY4:9U2QclhwTB0OBx1RGuW2S1YJGv2G4cEqdAvswFY8Oqk", "expire_date": "2021-05-14T10:39:04.918"}}, {"model": "sessions.session", "pk": "mp78rv1gvjhbtcdnmaf0su95fo8aeykw", "fields": {"session_data": ".eJxVjMsOwiAQRf-FtSHQkUdduvcbyAwMUjWQlHZl_HfbpAvd3nPOfYuA61LC2nkOUxIXMYjT70YYn1x3kB5Y703GVpd5Irkr8qBd3lri1_Vw_w4K9rLVigF1zMzIzmTMWZvBW_KMLqMj9OYMlEgnD9aCV5C2wtA4kuUMRonPFxuxOMQ:1layNX:WlUQjE85XXF0hYud3Q519iE6YiYGhvzA507NDkncwg4", "expire_date": "2021-05-10T10:22:11.202"}}, {"model": "sessions.session", "pk": "pdeim2hm5xad59jyfqvybq7lpuiyhi78", "fields": {"session_data": ".eJxVjMsOwiAUBf-FtSFCL7S4dN9vIPdBpWogKe3K-O_apAvdnpkzLxVxW3PcWlriLOqivDr9boT8SGUHcsdyq5prWZeZ9K7ogzY9VknP6-H-BTK2vL8BjYTQg3PkOxEA07O33E3fBlju6Wwnh6ZLQzCAzG4QIxPKYAgoePX-AOzLOF4:1leczM:R-DyNfDQg3Oj-_LPyT5ese1TvB4ncmCo-XdL4srzPPI", "expire_date": "2021-05-20T14:20:20.800"}}, {"model": "sessions.session", "pk": "se0f25lvpk22q2wi29ek12pxu0mhmvkv", "fields": {"session_data": ".eJxVjMsOwiAQRf-FtSHQkUdduvcbyAwMUjWQlHZl_HfbpAvd3nPOfYuA61LC2nkOUxIXMYjT70YYn1x3kB5Y703GVpd5Irkr8qBd3lri1_Vw_w4K9rLVigF1zMzIzmTMWZvBW_KMLqMj9OYMlEgnD9aCV5C2wtA4kuUMRonPFxuxOMQ:1lc2Qs:KxW0kY0LIaJQTuLEZJa77Z1h_jtkQUacZp_5pmEUJvg", "expire_date": "2021-05-13T08:54:02.392"}}, {"model": "sessions.session", "pk": "tv9xigde3w59tmedlcjw1u9fceqm5son", "fields": {"session_data": ".eJxVjMsOwiAQRf-FtSHQkUdduvcbyAwMUjWQlHZl_HfbpAvd3nPOfYuA61LC2nkOUxIXMYjT70YYn1x3kB5Y703GVpd5Irkr8qBd3lri1_Vw_w4K9rLVigF1zMzIzmTMWZvBW_KMLqMj9OYMlEgnD9aCV5C2wtA4kuUMRonPFxuxOMQ:1lZpmK:desdrH1FIyt1Ie8tRcpA-9y1WIHfp0vBxW1TEKUMt7c", "expire_date": "2021-05-07T06:59:04.809"}}, {"model": "sessions.session", "pk": "ukis8yq2qcy9pti1hb0n4z41fd43bctg", "fields": {"session_data": ".eJxVjDsOwjAQBe_iGlnxN2tK-pzBWnsXHEC2FCcV4u4QKQW0b2beS0Tc1hK3zkucSZyFFqffLWF-cN0B3bHemsytrsuc5K7Ig3Y5NeLn5XD_Dgr28q2TUyk7shZdYApuRMeardEIWXlgB9mMCTRrE0B7SMMVg6dAdsgKEMX7A-Z1N-A:1lht5G:EsJprDrbcyPsrs5ZrmiVQy4ui_qLUkpX6syEkIAwItQ", "expire_date": "2021-05-29T14:07:54.929"}}, {"model": "sessions.session", "pk": "w5f0wmm8bngyt04vcia9pwspdp7732ek", "fields": {"session_data": ".eJxVjE0OwiAYBe_C2hCgINSl-56BfD8gVQNJaVfGu2uTLnT7Zua9RIRtLXHraYkzi4uw4vS7IdAj1R3wHeqtSWp1XWaUuyIP2uXUOD2vh_t3UKCXb604Gx61CgSQARHJcA6MPJ4JdHDWoIbsvEmDQkqZrWE3BJ-tHxxqEu8PJ-U5QA:1lda5d:kB7MNHBZDkPOiH7sqIAPIdC8CrVABIVqdFy5ucIj7gY", "expire_date": "2021-05-17T17:02:29.628"}}, {"model": "sessions.session", "pk": "wx6gp1waw9w4vuzeqj4xzbizidg5xf16", "fields": {"session_data": ".eJxVjMsOwiAQRf-FtSHQkUdduvcbyAwMUjWQlHZl_HfbpAvd3nPOfYuA61LC2nkOUxIXMYjT70YYn1x3kB5Y703GVpd5Irkr8qBd3lri1_Vw_w4K9rLVigF1zMzIzmTMWZvBW_KMLqMj9OYMlEgnD9aCV5C2wtA4kuUMRonPFxuxOMQ:1lc1AN:Hr-vv4Vej0gfVBgOMxvb2XAG5aBwCLPii30d4C2dwkg", "expire_date": "2021-05-13T07:32:55.678"}}, {"model": "carbonator.user", "pk": 1, "fields": {"password": "pbkdf2_sha256$216000$3ftFUz4BcXXf$jieJj4NKyJZTro7T//Ucwfyk0K6wsQKIvav4pBl/Gf4=", "last_login": "2021-05-10T10:44:32.795", "is_superuser": true, "username": "superduper", "first_name": "", "last_name": "", "email": "", "is_staff": true, "is_active": true, "date_joined": "2021-04-21T09:43:22.769", "groups": [], "user_permissions": []}}, {"model": "carbonator.user", "pk": 2, "fields": {"password": "pbkdf2_sha256$260000$sI963W97sTaqGFonHDrSFR$dwQN4BqLsPLoy3I/0e3kMBjxCctOr+e1Eoq+7ggFPlc=", "last_login": "2021-05-15T14:07:54.927", "is_superuser": false, "username": "alpha", "first_name": "", "last_name": "", "email": "alpha@mail.com", "is_staff": false, "is_active": true, "date_joined": "2021-04-21T09:57:09.739", "groups": [], "user_permissions": []}}, {"model": "carbonator.user", "pk": 3, "fields": {"password": "pbkdf2_sha256$216000$nAs9Wl2dL4FK$8dbluwrjULCElxiuzaiaqMhN3MeL6xnnwUj47rGq+y0=", "last_login": "2021-05-07T15:39:11.000", "is_superuser": false, "username": "beta", "first_name": "", "last_name": "", "email": "beta@mail.com", "is_staff": false, "is_active": true, "date_joined": "2021-04-30T10:39:04.756", "groups": [], "user_permissions": []}}, {"model": "carbonator.user", "pk": 4, "fields": {"password": "pbkdf2_sha256$216000$CFtxbrXLGRWq$pLg9+IxBQst5LmK286r5uN8jyw7pkT1poVgY6hr9gf4=", "last_login": "2021-05-07T13:18:11.427", "is_superuser": false, "username": "gamma", "first_name": "", "last_name": "", "email": "gamma@mail.com", "is_staff": false, "is_active": true, "date_joined": "2021-05-03T07:28:46.171", "groups": [], "user_permissions": []}}, {"model": "carbonator.user", "pk": 5, "fields": {"password": "pbkdf2_sha256$216000$ob79iFrVefbX$U0LwyIvDsnQuCylNLm8JG02IS1N7tAs+ObWnU523aLk=", "last_login": "2021-05-04T10:53:59.125", "is_superuser": false, "username": "delta", "first_name": "", "last_name": "", "email": "delta@mail.com", "is_staff": false, "is_active": true, "date_joined": "2021-05-04T10:53:58.960", "groups": [], "user_permissions": []}}, {"model": "carbonator.user", "pk": 6, "fields": {"password": "pbkdf2_sha256$216000$LZRpuxEt8d3c$Ig+qEsjgaVw2YybhlMhi8mrB4xrK2b2+DDzgMvrwC/M=", "last_login": "2021-05-06T14:20:20.796", "is_superuser": false, "username": "epsilon", "first_name": "", "last_name": "", "email": "epsilon@mail.com", "is_staff": false, "is_active": true, "date_joined": "2021-05-04T10:54:23.482", "groups": [], "user_permissions": []}}, {"model": "carbonator.user", "pk": 7, "fields": {"password": "pbkdf2_sha256$216000$846XixUeOOh8$7lriJ8RuMEOLA7J3OuSEaTGdrBtdzMhy1X7LHzQfUs8=", "last_login": "2021-05-05T10:08:59.946", "is_superuser": false, "username": "zeta", "first_name": "", "last_name": "", "email": "zeta@mail.com", "is_staff": false, "is_active": true, "date_joined": "2021-05-04T10:54:53.021", "groups": [], "user_permissions": []}}, {"model": "carbonator.user", "pk": 8, "fields": {"password": "pbkdf2_sha256$216000$7wndM1uT6020$kiskxqsf04SPuZ4MQ3iv5J8dJqRxJ3pa7VvXxRaVBUU=", "last_login": "2021-05-04T10:55:13.264", "is_superuser": false, "username": "eta", "first_name": "", "last_name": "", "email": "eta@mail.com", "is_staff": false, "is_active": true, "date_joined": "2021-05-04T10:55:13.119", "groups": [], "user_permissions": []}}, {"model": "carbonator.user", "pk": 9, "fields": {"password": "pbkdf2_sha256$216000$bJcJ8GRKGVXW$DcVrV/TkB1usm3DkxcQJLziU/nQshpo6YBTy2+bmaMA=", "last_login": "2021-05-04T10:55:28.367", "is_superuser": false, "username": "iota", "first_name": "", "last_name": "", "email": "iota@mail.com", "is_staff": false, "is_active": true, "date_joined": "2021-05-04T10:55:28.152", "groups": [], "user_permissions": []}}, {"model": "carbonator.user", "pk": 10, "fields": {"password": "pbkdf2_sha256$216000$3BDueSoovL3y$de+EVr51b4oOikTQ7TIBfvmxs6A5tSX5bSlwnIChcX4=", "last_login": "2021-05-04T12:24:35.612", "is_superuser": false, "username": "kappa", "first_name": "", "last_name": "", "email": "kappa@mail.com", "is_staff": false, "is_active": true, "date_joined": "2021-05-04T11:06:05.440", "groups": [], "user_permissions": []}}, {"model": "carbonator.user", "pk": 11, "fields": {"password": "pbkdf2_sha256$216000$z8gHYDadRpQ9$Ha0JGh2g8VJORTy6bMfwbM530L4uPzGdt/LX+3fBxdM=", "last_login": "2021-05-04T12:09:24.968", "is_superuser": false, "username": "lambda", "first_name": "", "last_name": "", "email": "lambda@mail.com", "is_staff": false, "is_active": true, "date_joined": "2021-05-04T12:09:24.823", "groups": [], "user_permissions": []}}, {"model": "carbonator.appliance", "pk": 1, "fields": {"name": "LED Light", "watts": "10.00", "typicalDuration": 30}}, {"model": "carbonator.appliance", "pk": 2, "fields": {"name": "Kettle", "watts": "2400.00", "typicalDuration": 4}}, {"model": "carbonator.appliance", "pk": 3, "fields": {"name": "TV LED 70\"", "watts": "180.00", "typicalDuration": 60}}, {"model": "carbonator.appliance", "pk": 4, "fields": {"name": "Dishwasher", "watts": "1000.00", "typicalDuration": 90}}, {"model": "carbonator.appliance", "pk": 5, "fields": {"name": "Toaster", "watts": "750.00", "typicalDuration": 3}}, {"model": "carbonator.appliance", "pk": 6, "fields": {"name": "Dehumidifier", "watts": "1500.00", "typicalDuration": 60}}, {"model": "carbonator.appliance", "pk": 7, "fields": {"name": "Microwave", "watts": "800.00", "typicalDuration": 5}}, {"model": "carbonator.appliance", "pk": 8, "fields": {"name": "Oven", "watts": "2400.00", "typicalDuration": 30}}, {"model": "carbonator.appliance", "pk": 9, "fields": {"name": "Hob Cooker Induction", "watts": "2000.00", "typicalDuration": 15}}, {"model": "carbonator.appliance", "pk": 10, "fields": {"name": "Washing Machine", "watts": "1000.00", "typicalDuration": 60}}, {"model": "carbonator.appliance", "pk": 11, "fields": {"name": "Dryer", "watts": "3000.00", "typicalDuration": 90}}, {"model": "carbonator.appliance", "pk": 12, "fields": {"name": "Laptop Computer", "watts": "30.00", "typicalDuration": 60}}, {"model": "carbonator.appliance", "pk": 13, "fields": {"name": "Desktop Computer", "watts": "60.00", "typicalDuration": 60}}, {"model": "carbonator.saving", "pk": 336, "fields": {"saver": 2, "timestamp": "2021-05-10T10:45:51.132", "appliance": 1, "energySaved": "0.00", "deleteFlag": false}}, {"model": "carbonator.saving", "pk": 337, "fields": {"saver": 2, "timestamp": "2021-05-10T10:46:58.728", "appliance": 1, "energySaved": "0.00", "deleteFlag": false}}, {"model": "carbonator.saving", "pk": 338, "fields": {"saver": 2, "timestamp": "2021-05-10T10:49:01.821", "appliance": 1, "energySaved": "0.00", "deleteFlag": false}}, {"model": "carbonator.saving", "pk": 339, "fields": {"saver": 2, "timestamp": "2021-05-10T10:50:27.232", "appliance": 1, "energySaved": "0.00", "deleteFlag": false}}, {"model": "carbonator.saving", "pk": 340, "fields": {"saver": 2, "timestamp": "2021-05-10T10:52:26.617", "appliance": 1, "energySaved": "0.00", "deleteFlag": false}}, {"model": "carbonator.saving", "pk": 341, "fields": {"saver": 2, "timestamp": "2021-05-10T10:53:24.567", "appliance": 1, "energySaved": "0.00", "deleteFlag": false}}, {"model": "carbonator.saving", "pk": 342, "fields": {"saver": 2, "timestamp": "2021-05-10T10:53:33.296", "appliance": 1, "energySaved": "0.00", "deleteFlag": false}}, {"model": "carbonator.saving", "pk": 343, "fields": {"saver": 2, "timestamp": "2021-05-10T10:53:37.687", "appliance": 4, "energySaved": "1.50", "deleteFlag": false}}, {"model": "carbonator.saving", "pk": 345, "fields": {"saver": 2, "timestamp": "2021-05-10T10:55:08.516", "appliance": 4, "energySaved": "1.50", "deleteFlag": false}}, {"model": "carbonator.saving", "pk": 347, "fields": {"saver": 2, "timestamp": "2021-05-10T10:57:38.837", "appliance": 4, "energySaved": "1.50", "deleteFlag": false}}, {"model": "carbonator.saving", "pk": 348, "fields": {"saver": 2, "timestamp": "2021-05-10T10:57:42.984", "appliance": 4, "energySaved": "1.50", "deleteFlag": false}}, {"model": "carbonator.saving", "pk": 349, "fields": {"saver": 2, "timestamp": "2021-05-10T10:59:39.069", "appliance": 4, "energySaved": "1.50", "deleteFlag": false}}, {"model": "carbonator.saving", "pk": 350, "fields": {"saver": 2, "timestamp": "2021-05-10T11:00:09.315", "appliance": 6, "energySaved": "1.50", "deleteFlag": false}}, {"model": "carbonator.saving", "pk": 351, "fields": {"saver": 2, "timestamp": "2021-05-10T11:00:57.799", "appliance": 6, "energySaved": "1.50", "deleteFlag": false}}, {"model": "carbonator.saving", "pk": 352, "fields": {"saver": 2, "timestamp": "2021-05-10T11:01:25.361", "appliance": 6, "energySaved": "1.50", "deleteFlag": false}}, {"model": "carbonator.saving", "pk": 353, "fields": {"saver": 2, "timestamp": "2021-05-10T11:04:43.358", "appliance": 6, "energySaved": "1.50", "deleteFlag": false}}, {"model": "carbonator.saving", "pk": 354, "fields": {"saver": 2, "timestamp": "2021-05-10T11:04:59.633", "appliance": 1, "energySaved": "0.00", "deleteFlag": false}}, {"model": "carbonator.saving", "pk": 355, "fields": {"saver": 2, "timestamp": "2021-05-10T11:05:01.766", "appliance": 1, "energySaved": "0.00", "deleteFlag": false}}, {"model": "carbonator.saving", "pk": 356, "fields": {"saver": 2, "timestamp": "2021-05-10T11:05:31.156", "appliance": 1, "energySaved": "0.00", "deleteFlag": false}}, {"model": "carbonator.saving", "pk": 357, "fields": {"saver": 2, "timestamp": "2021-05-10T11:05:33.465", "appliance": 1, "energySaved": "0.00", "deleteFlag": false}}, {"model": "carbonator.saving", "pk": 358, "fields": {"saver": 2, "timestamp": "2021-05-10T11:05:34.528", "appliance": 1, "energySaved": "0.00", "deleteFlag": false}}, {"model": "carbonator.saving", "pk": 359, "fields": {"saver": 2, "timestamp": "2021-05-10T11:05:35.200", "appliance": 1, "energySaved": "0.00", "deleteFlag": false}}, {"model": "carbonator.saving", "pk": 360, "fields": {"saver": 2, "timestamp": "2021-05-10T11:05:35.782", "appliance": 1, "energySaved": "0.00", "deleteFlag": false}}, {"model": "carbonator.saving", "pk": 361, "fields": {"saver": 2, "timestamp": "2021-05-10T11:05:36.704", "appliance": 1, "energySaved": "0.00", "deleteFlag": false}}, {"model": "carbonator.saving", "pk": 362, "fields": {"saver": 2, "timestamp": "2021-05-10T11:05:40.215", "appliance": 5, "energySaved": "0.04", "deleteFlag": false}}, {"model": "carbonator.saving", "pk": 363, "fields": {"saver": 2, "timestamp": "2021-05-10T11:05:41.213", "appliance": 5, "energySaved": "0.04", "deleteFlag": false}}, {"model": "carbonator.saving", "pk": 365, "fields": {"saver": 2, "timestamp": "2021-05-10T11:05:43.111", "appliance": 5, "energySaved": "0.04", "deleteFlag": false}}, {"model": "carbonator.saving", "pk": 366, "fields": {"saver": 2, "timestamp": "2021-05-10T11:05:43.968", "appliance": 5, "energySaved": "0.04", "deleteFlag": false}}, {"model": "carbonator.saving", "pk": 367, "fields": {"saver": 2, "timestamp": "2021-05-10T11:05:46.711", "appliance": 5, "energySaved": "0.04", "deleteFlag": false}}, {"model": "carbonator.saving", "pk": 368, "fields": {"saver": 2, "timestamp": "2021-05-10T11:05:47.801", "appliance": 5, "energySaved": "0.04", "deleteFlag": false}}, {"model": "carbonator.saving", "pk": 369, "fields": {"saver": 2, "timestamp": "2021-05-10T11:05:48.390", "appliance": 5, "energySaved": "0.04", "deleteFlag": false}}, {"model": "carbonator.saving", "pk": 370, "fields": {"saver": 2, "timestamp": "2021-05-10T11:05:49.503", "appliance": 5, "energySaved": "0.04", "deleteFlag": false}}, {"model": "carbonator.saving", "pk": 371, "fields": {"saver": 2, "timestamp": "2021-05-10T11:06:11.623", "appliance": 5, "energySaved": "0.04", "deleteFlag": false}}, {"model": "carbonator.saving", "pk": 372, "fields": {"saver": 2, "timestamp": "2021-05-10T11:06:13.748", "appliance": 5, "energySaved": "0.04", "deleteFlag": false}}, {"model": "carbonator.saving", "pk": 373, "fields": {"saver": 2, "timestamp": "2021-05-10T11:06:14.595", "appliance": 5, "energySaved": "0.04", "deleteFlag": false}}, {"model": "carbonator.saving", "pk": 374, "fields": {"saver": 2, "timestamp": "2021-05-10T11:06:19.616", "appliance": 5, "energySaved": "0.04", "deleteFlag": false}}, {"model": "carbonator.saving", "pk": 375, "fields": {"saver": 2, "timestamp": "2021-05-10T11:06:20.152", "appliance": 5, "energySaved": "0.04", "deleteFlag": false}}, {"model": "carbonator.saving", "pk": 376, "fields": {"saver": 2, "timestamp": "2021-05-10T11:06:20.664", "appliance": 5, "energySaved": "0.04", "deleteFlag": false}}, {"model": "carbonator.saving", "pk": 377, "fields": {"saver": 2, "timestamp": "2021-05-10T11:06:25.758", "appliance": 8, "energySaved": "1.20", "deleteFlag": false}}, {"model": "carbonator.saving", "pk": 378, "fields": {"saver": 2, "timestamp": "2021-05-10T11:06:27.400", "appliance": 8, "energySaved": "1.20", "deleteFlag": false}}, {"model": "carbonator.saving", "pk": 379, "fields": {"saver": 2, "timestamp": "2021-05-10T11:06:28.017", "appliance": 8, "energySaved": "1.20", "deleteFlag": false}}, {"model": "carbonator.saving", "pk": 380, "fields": {"saver": 2, "timestamp": "2021-05-10T11:06:29.683", "appliance": 8, "energySaved": "1.20", "deleteFlag": false}}, {"model": "carbonator.saving", "pk": 382, "fields": {"saver": 2, "timestamp": "2021-05-10T11:06:31.861", "appliance": 8, "energySaved": "1.20", "deleteFlag": false}}, {"model": "carbonator.saving", "pk": 383, "fields": {"saver": 2, "timestamp": "2021-05-10T11:06:33.136", "appliance": 8, "energySaved": "1.20", "deleteFlag": false}}, {"model": "carbonator.saving", "pk": 384, "fields": {"saver": 2, "timestamp": "2021-05-10T11:06:33.694", "appliance": 8, "energySaved": "1.20", "deleteFlag": false}}, {"model": "carbonator.saving", "pk": 385, "fields": {"saver": 2, "timestamp": "2021-05-10T11:06:48.339", "appliance": 8, "energySaved": "1.20", "deleteFlag": false}}, {"model": "carbonator.saving", "pk": 386, "fields": {"saver": 2, "timestamp": "2021-05-10T11:06:50.035", "appliance": 8, "energySaved": "1.20", "deleteFlag": false}}, {"model": "carbonator.saving", "pk": 387, "fields": {"saver": 2, "timestamp": "2021-05-10T11:06:50.631", "appliance": 8, "energySaved": "1.20", "deleteFlag": false}}, {"model": "carbonator.saving", "pk": 388, "fields": {"saver": 2, "timestamp": "2021-05-10T11:06:53.798", "appliance": 8, "energySaved": "1.20", "deleteFlag": false}}, {"model": "carbonator.saving", "pk": 389, "fields": {"saver": 2, "timestamp": "2021-05-10T11:07:00.425", "appliance": 8, "energySaved": "2.40", "deleteFlag": false}}, {"model": "carbonator.saving", "pk": 390, "fields": {"saver": 2, "timestamp": "2021-05-10T11:07:02.118", "appliance": 8, "energySaved": "2.40", "deleteFlag": false}}, {"model": "carbonator.saving", "pk": 392, "fields": {"saver": 2, "timestamp": "2021-05-10T11:08:22.966", "appliance": 1, "energySaved": "0.00", "deleteFlag": false}}, {"model": "carbonator.saving", "pk": 393, "fields": {"saver": 2, "timestamp": "2021-05-10T11:08:32.171", "appliance": 7, "energySaved": "1.20", "deleteFlag": false}}, {"model": "carbonator.saving", "pk": 394, "fields": {"saver": 2, "timestamp": "2021-05-10T11:35:36.782", "appliance": 7, "energySaved": "1.20", "deleteFlag": false}}, {"model": "carbonator.saving", "pk": 395, "fields": {"saver": 2, "timestamp": "2021-05-10T11:38:13.802", "appliance": 7, "energySaved": "1.20", "deleteFlag": false}}, {"model": "carbonator.saving", "pk": 396, "fields": {"saver": 2, "timestamp": "2021-05-10T11:38:16.655", "appliance": 7, "energySaved": "1.20", "deleteFlag": false}}, {"model": "carbonator.saving", "pk": 397, "fields": {"saver": 2, "timestamp": "2021-05-10T11:38:38.010", "appliance": 7, "energySaved": "1.20", "deleteFlag": false}}, {"model": "carbonator.saving", "pk": 398, "fields": {"saver": 2, "timestamp": "2021-05-10T16:36:17.975", "appliance": 9, "energySaved": "1.50", "deleteFlag": false}}, {"model": "carbonator.saving", "pk": 399, "fields": {"saver": 2, "timestamp": "2021-05-11T00:05:52.204", "appliance": 7, "energySaved": "0.07", "deleteFlag": false}}, {"model": "carbonator.cost", "pk": 1, "fields": {"user": 4, "money": "100.0000", "moneyUnit": "Pound", "co2e": "150.00", "trees": "8.00"}}]